[{"nb_A":13972,"nb_W":0,"nb_implicit_W":3529,"nb_dup_A":4883,"nb_dup_W":0,"nb_A_prefix":5098,"nb_W_prefix":0,"max_A_prefix":1272,"avg_A_prefix":3,"max_A_AS":6316,"avg_A_AS":32,"nb_orign_change":0,"nb_new_A":5560,"nb_new_A_afterW":0,"max_path_len":19,"avg_path_len":8,"max_editdist":10,"avg_editdist":2,"editdist_7":1,"editdist_8":37,"editdist_9":0,"editdist_10":10,"editdist_11":0,"editdist_12":0,"editdist_13":0,"editdist_14":0,"editdist_15":0,"editdist_16":0,"editdist_17":0,"nb_tolonger":832,"nb_toshorter":2697,"avg_interarrival":2262},{"nb_A":9776,"nb_W":0,"nb_implicit_W":3898,"nb_dup_A":5081,"nb_dup_W":0,"nb_A_prefix":478,"nb_W_prefix":0,"max_A_prefix":1193,"avg_A_prefix":20,"max_A_AS":5856,"avg_A_AS":63,"nb_orign_change":64,"nb_new_A":797,"nb_new_A_afterW":0,"max_path_len":25,"avg_path_len":10,"max_editdist":10,"avg_editdist":2,"editdist_7":0,"editdist_8":33,"editdist_9":0,"editdist_10":14,"editdist_11":0,"editdist_12":0,"editdist_13":0,"editdist_14":0,"editdist_15":0,"editdist_16":0,"editdist_17":0,"nb_tolonger":881,"nb_toshorter":3017,"avg_interarrival":2274},{"nb_A":13772,"nb_W":0,"nb_implicit_W":5069,"nb_dup_A":6581,"nb_dup_W":0,"nb_A_prefix":781,"nb_W_prefix":0,"max_A_prefix":1572,"avg_A_prefix":18,"max_A_AS":7741,"avg_A_AS":69,"nb_orign_change":0,"nb_new_A":2122,"nb_new_A_afterW":0,"max_path_len":28,"avg_path_len":10,"max_editdist":13,"avg_editdist":2,"editdist_7":1,"editdist_8":40,"editdist_9":0,"editdist_10":16,"editdist_11":0,"editdist_12":0,"editdist_13":1,"editdist_14":0,"editdist_15":0,"editdist_16":0,"editdist_17":0,"nb_tolonger":1192,"nb_toshorter":3877,"avg_interarrival":2079},{"nb_A":11589,"nb_W":0,"nb_implicit_W":4405,"nb_dup_A":5762,"nb_dup_W":0,"nb_A_prefix":546,"nb_W_prefix":0,"max_A_prefix":1477,"avg_A_prefix":21,"max_A_AS":7295,"avg_A_AS":74,"nb_orign_change":2,"nb_new_A":1422,"nb_new_A_afterW":0,"max_path_len":23,"avg_path_len":10,"max_editdist":15,"avg_editdist":2,"editdist_7":1,"editdist_8":40,"editdist_9":1,"editdist_10":69,"editdist_11":0,"editdist_12":0,"editdist_13":0,"editdist_14":0,"editdist_15":26,"editdist_16":0,"editdist_17":0,"nb_tolonger":1025,"nb_toshorter":3380,"avg_interarrival":2168},{"nb_A":16129,"nb_W":0,"nb_implicit_W":6266,"nb_dup_A":6616,"nb_dup_W":0,"nb_A_prefix":1446,"nb_W_prefix":0,"max_A_prefix":1662,"avg_A_prefix":11,"max_A_AS":8219,"avg_A_AS":51,"nb_orign_change":0,"nb_new_A":3247,"nb_new_A_afterW":0,"max_path_len":20,"avg_path_len":10,"max_editdist":12,"avg_editdist":2,"editdist_7":1,"editdist_8":60,"editdist_9":1,"editdist_10":18,"editdist_11":0,"editdist_12":2,"editdist_13":0,"editdist_14":0,"editdist_15":0,"editdist_16":0,"editdist_17":0,"nb_tolonger":1799,"nb_toshorter":4467,"avg_interarrival":1963},{"nb_A":12832,"nb_W":0,"nb_implicit_W":4444,"nb_dup_A":6395,"nb_dup_W":0,"nb_A_prefix":1520,"nb_W_prefix":0,"max_A_prefix":1507,"avg_A_prefix":8,"max_A_AS":7511,"avg_A_AS":46,"nb_orign_change":1,"nb_new_A":1993,"nb_new_A_afterW":0,"max_path_len":19,"avg_path_len":10,"max_editdist":10,"avg_editdist":2,"editdist_7":12,"editdist_8":52,"editdist_9":0,"editdist_10":18,"editdist_11":0,"editdist_12":0,"editdist_13":0,"editdist_14":0,"editdist_15":0,"editdist_16":0,"editdist_17":0,"nb_tolonger":1038,"nb_toshorter":3406,"avg_interarrival":2029},{"nb_A":8292,"nb_W":0,"nb_implicit_W":2851,"nb_dup_A":3163,"nb_dup_W":0,"nb_A_prefix":1147,"nb_W_prefix":0,"max_A_prefix":1039,"avg_A_prefix":7,"max_A_AS":3005,"avg_A_AS":30,"nb_orign_change":1,"nb_new_A":2278,"nb_new_A_afterW":0,"max_path_len":24,"avg_path_len":6,"max_editdist":10,"avg_editdist":3,"editdist_7":1,"editdist_8":70,"editdist_9":0,"editdist_10":17,"editdist_11":0,"editdist_12":0,"editdist_13":0,"editdist_14":0,"editdist_15":0,"editdist_16":0,"editdist_17":0,"nb_tolonger":1359,"nb_toshorter":1492,"avg_interarrival":2321},{"nb_A":4955,"nb_W":0,"nb_implicit_W":1895,"nb_dup_A":1898,"nb_dup_W":0,"nb_A_prefix":694,"nb_W_prefix":0,"max_A_prefix":944,"avg_A_prefix":7,"max_A_AS":944,"avg_A_AS":20,"nb_orign_change":1,"nb_new_A":1162,"nb_new_A_afterW":0,"max_path_len":21,"avg_path_len":7,"max_editdist":12,"avg_editdist":3,"editdist_7":0,"editdist_8":45,"editdist_9":0,"editdist_10":23,"editdist_11":1,"editdist_12":12,"editdist_13":0,"editdist_14":0,"editdist_15":0,"editdist_16":0,"editdist_17":0,"nb_tolonger":664,"nb_toshorter":1231,"avg_interarrival":2412},{"nb_A":25152,"nb_W":0,"nb_implicit_W":9959,"nb_dup_A":9972,"nb_dup_W":0,"nb_A_prefix":803,"nb_W_prefix":0,"max_A_prefix":1604,"avg_A_prefix":31,"max_A_AS":10952,"avg_A_AS":97,"nb_orign_change":1,"nb_new_A":5221,"nb_new_A_afterW":0,"max_path_len":24,"avg_path_len":7,"max_editdist":10,"avg_editdist":1,"editdist_7":13,"editdist_8":42,"editdist_9":0,"editdist_10":17,"editdist_11":0,"editdist_12":0,"editdist_13":0,"editdist_14":0,"editdist_15":0,"editdist_16":0,"editdist_17":0,"nb_tolonger":1936,"nb_toshorter":8023,"avg_interarrival":1951},{"nb_A":30796,"nb_W":0,"nb_implicit_W":11372,"nb_dup_A":15976,"nb_dup_W":0,"nb_A_prefix":1542,"nb_W_prefix":0,"max_A_prefix":1507,"avg_A_prefix":20,"max_A_AS":11975,"avg_A_AS":92,"nb_orign_change":2,"nb_new_A":3448,"nb_new_A_afterW":0,"max_path_len":21,"avg_path_len":7,"max_editdist":12,"avg_editdist":2,"editdist_7":9,"editdist_8":125,"editdist_9":71,"editdist_10":16,"editdist_11":0,"editdist_12":2,"editdist_13":0,"editdist_14":0,"editdist_15":0,"editdist_16":0,"editdist_17":0,"nb_tolonger":4073,"nb_toshorter":7299,"avg_interarrival":2037},{"nb_A":84958,"nb_W":0,"nb_implicit_W":36877,"nb_dup_A":29275,"nb_dup_W":0,"nb_A_prefix":2423,"nb_W_prefix":0,"max_A_prefix":285,"avg_A_prefix":35,"max_A_AS":69571,"avg_A_AS":264,"nb_orign_change":1,"nb_new_A":18806,"nb_new_A_afterW":0,"max_path_len":32,"avg_path_len":6,"max_editdist":12,"avg_editdist":1,"editdist_7":14,"editdist_8":42,"editdist_9":58,"editdist_10":0,"editdist_11":1,"editdist_12":1,"editdist_13":0,"editdist_14":0,"editdist_15":0,"editdist_16":0,"editdist_17":0,"nb_tolonger":13590,"nb_toshorter":23287,"avg_interarrival":2601},{"nb_A":8718,"nb_W":0,"nb_implicit_W":4315,"nb_dup_A":3362,"nb_dup_W":0,"nb_A_prefix":790,"nb_W_prefix":0,"max_A_prefix":744,"avg_A_prefix":11,"max_A_AS":3624,"avg_A_AS":41,"nb_orign_change":131,"nb_new_A":1041,"nb_new_A_afterW":0,"max_path_len":22,"avg_path_len":9,"max_editdist":9,"avg_editdist":1,"editdist_7":0,"editdist_8":1,"editdist_9":4,"editdist_10":0,"editdist_11":0,"editdist_12":0,"editdist_13":0,"editdist_14":0,"editdist_15":0,"editdist_16":0,"editdist_17":0,"nb_tolonger":1397,"nb_toshorter":2918,"avg_interarrival":2868},{"nb_A":92449,"nb_W":0,"nb_implicit_W":44320,"nb_dup_A":43895,"nb_dup_W":0,"nb_A_prefix":1657,"nb_W_prefix":0,"max_A_prefix":331,"avg_A_prefix":56,"max_A_AS":80785,"avg_A_AS":370,"nb_orign_change":28,"nb_new_A":4234,"nb_new_A_afterW":0,"max_path_len":32,"avg_path_len":5,"max_editdist":12,"avg_editdist":1,"editdist_7":8,"editdist_8":0,"editdist_9":14,"editdist_10":3,"editdist_11":0,"editdist_12":8,"editdist_13":0,"editdist_14":0,"editdist_15":0,"editdist_16":0,"editdist_17":0,"nb_tolonger":6230,"nb_toshorter":38090,"avg_interarrival":2860},{"nb_A":358201,"nb_W":0,"nb_implicit_W":77938,"nb_dup_A":158242,"nb_dup_W":0,"nb_A_prefix":12455,"nb_W_prefix":0,"max_A_prefix":448,"avg_A_prefix":29,"max_A_AS":308511,"avg_A_AS":575,"nb_orign_change":3849,"nb_new_A":122021,"nb_new_A_afterW":0,"max_path_len":21,"avg_path_len":4,"max_editdist":15,"avg_editdist":1,"editdist_7":66,"editdist_8":4,"editdist_9":11,"editdist_10":80,"editdist_11":67,"editdist_12":14,"editdist_13":18,"editdist_14":7,"editdist_15":6,"editdist_16":0,"editdist_17":0,"nb_tolonger":26151,"nb_toshorter":51787,"avg_interarrival":2014},{"nb_A":43908,"nb_W":0,"nb_implicit_W":7047,"nb_dup_A":27554,"nb_dup_W":0,"nb_A_prefix":12008,"nb_W_prefix":0,"max_A_prefix":345,"avg_A_prefix":4,"max_A_AS":25426,"avg_A_AS":51,"nb_orign_change":993,"nb_new_A":9307,"nb_new_A_afterW":0,"max_path_len":21,"avg_path_len":5,"max_editdist":14,"avg_editdist":2,"editdist_7":6,"editdist_8":121,"editdist_9":100,"editdist_10":0,"editdist_11":0,"editdist_12":0,"editdist_13":0,"editdist_14":6,"editdist_15":0,"editdist_16":0,"editdist_17":0,"nb_tolonger":1569,"nb_toshorter":5478,"avg_interarrival":1711},{"nb_A":19639,"nb_W":0,"nb_implicit_W":3431,"nb_dup_A":6938,"nb_dup_W":0,"nb_A_prefix":3206,"nb_W_prefix":0,"max_A_prefix":358,"avg_A_prefix":6,"max_A_AS":7735,"avg_A_AS":39,"nb_orign_change":18,"nb_new_A":9270,"nb_new_A_afterW":0,"max_path_len":23,"avg_path_len":6,"max_editdist":19,"avg_editdist":2,"editdist_7":8,"editdist_8":1,"editdist_9":12,"editdist_10":32,"editdist_11":4,"editdist_12":2,"editdist_13":0,"editdist_14":16,"editdist_15":0,"editdist_16":0,"editdist_17":0,"nb_tolonger":822,"nb_toshorter":2609,"avg_interarrival":2616},{"nb_A":9688,"nb_W":0,"nb_implicit_W":1500,"nb_dup_A":5051,"nb_dup_W":0,"nb_A_prefix":1393,"nb_W_prefix":0,"max_A_prefix":304,"avg_A_prefix":7,"max_A_AS":2384,"avg_A_AS":55,"nb_orign_change":76,"nb_new_A":3137,"nb_new_A_afterW":0,"max_path_len":18,"avg_path_len":6,"max_editdist":11,"avg_editdist":2,"editdist_7":0,"editdist_8":1,"editdist_9":0,"editdist_10":0,"editdist_11":3,"editdist_12":0,"editdist_13":0,"editdist_14":0,"editdist_15":0,"editdist_16":0,"editdist_17":0,"nb_tolonger":596,"nb_toshorter":904,"avg_interarrival":3226},{"nb_A":4324,"nb_W":0,"nb_implicit_W":1654,"nb_dup_A":1381,"nb_dup_W":0,"nb_A_prefix":821,"nb_W_prefix":0,"max_A_prefix":208,"avg_A_prefix":5,"max_A_AS":1744,"avg_A_AS":17,"nb_orign_change":65,"nb_new_A":1289,"nb_new_A_afterW":0,"max_path_len":22,"avg_path_len":6,"max_editdist":11,"avg_editdist":2,"editdist_7":17,"editdist_8":0,"editdist_9":0,"editdist_10":0,"editdist_11":1,"editdist_12":0,"editdist_13":0,"editdist_14":0,"editdist_15":0,"editdist_16":0,"editdist_17":0,"nb_tolonger":425,"nb_toshorter":1229,"avg_interarrival":4333},{"nb_A":16674,"nb_W":0,"nb_implicit_W":2407,"nb_dup_A":11355,"nb_dup_W":0,"nb_A_prefix":10616,"nb_W_prefix":0,"max_A_prefix":338,"avg_A_prefix":2,"max_A_AS":1313,"avg_A_AS":17,"nb_orign_change":199,"nb_new_A":2912,"nb_new_A_afterW":0,"max_path_len":24,"avg_path_len":5,"max_editdist":20,"avg_editdist":1,"editdist_7":31,"editdist_8":0,"editdist_9":0,"editdist_10":0,"editdist_11":2,"editdist_12":1,"editdist_13":6,"editdist_14":0,"editdist_15":0,"editdist_16":0,"editdist_17":1,"nb_tolonger":912,"nb_toshorter":1495,"avg_interarrival":2835},{"nb_A":76128,"nb_W":0,"nb_implicit_W":35157,"nb_dup_A":39513,"nb_dup_W":0,"nb_A_prefix":1358,"nb_W_prefix":0,"max_A_prefix":460,"avg_A_prefix":56,"max_A_AS":70905,"avg_A_AS":354,"nb_orign_change":203,"nb_new_A":1458,"nb_new_A_afterW":0,"max_path_len":22,"avg_path_len":5,"max_editdist":14,"avg_editdist":1,"editdist_7":17,"editdist_8":15,"editdist_9":0,"editdist_10":0,"editdist_11":0,"editdist_12":23,"editdist_13":14,"editdist_14":3,"editdist_15":0,"editdist_16":0,"editdist_17":0,"nb_tolonger":8653,"nb_toshorter":26504,"avg_interarrival":2593},{"nb_A":1792,"nb_W":0,"nb_implicit_W":477,"nb_dup_A":950,"nb_dup_W":0,"nb_A_prefix":389,"nb_W_prefix":0,"max_A_prefix":331,"avg_A_prefix":5,"max_A_AS":331,"avg_A_AS":14,"nb_orign_change":69,"nb_new_A":365,"nb_new_A_afterW":0,"max_path_len":21,"avg_path_len":6,"max_editdist":15,"avg_editdist":2,"editdist_7":2,"editdist_8":0,"editdist_9":0,"editdist_10":0,"editdist_11":0,"editdist_12":0,"editdist_13":0,"editdist_14":0,"editdist_15":10,"editdist_16":0,"editdist_17":0,"nb_tolonger":105,"nb_toshorter":372,"avg_interarrival":5131},{"nb_A":5073,"nb_W":0,"nb_implicit_W":1967,"nb_dup_A":1687,"nb_dup_W":0,"nb_A_prefix":864,"nb_W_prefix":0,"max_A_prefix":313,"avg_A_prefix":6,"max_A_AS":1343,"avg_A_AS":27,"nb_orign_change":0,"nb_new_A":1419,"nb_new_A_afterW":0,"max_path_len":24,"avg_path_len":6,"max_editdist":15,"avg_editdist":2,"editdist_7":26,"editdist_8":4,"editdist_9":4,"editdist_10":0,"editdist_11":0,"editdist_12":10,"editdist_13":4,"editdist_14":7,"editdist_15":3,"editdist_16":0,"editdist_17":0,"nb_tolonger":632,"nb_toshorter":1335,"avg_interarrival":3359},{"nb_A":8806,"nb_W":0,"nb_implicit_W":2690,"nb_dup_A":4788,"nb_dup_W":0,"nb_A_prefix":1270,"nb_W_prefix":0,"max_A_prefix":299,"avg_A_prefix":7,"max_A_AS":1483,"avg_A_AS":39,"nb_orign_change":242,"nb_new_A":1328,"nb_new_A_afterW":0,"max_path_len":20,"avg_path_len":7,"max_editdist":15,"avg_editdist":2,"editdist_7":41,"editdist_8":2,"editdist_9":2,"editdist_10":3,"editdist_11":0,"editdist_12":10,"editdist_13":3,"editdist_14":3,"editdist_15":4,"editdist_16":0,"editdist_17":0,"nb_tolonger":730,"nb_toshorter":1960,"avg_interarrival":2971}]