[{"nb_A":25,"nb_W":0,"nb_implicit_W":5,"nb_dup_A":0,"nb_dup_W":0,"nb_A_prefix":15,"nb_W_prefix":0,"max_A_prefix":3,"avg_A_prefix":2,"max_A_AS":19,"avg_A_AS":12,"nb_orign_change":0,"nb_new_A":20,"nb_new_A_afterW":0,"max_path_len":12,"avg_path_len":10,"max_editdist":1,"avg_editdist":1,"editdist_7":0,"editdist_8":0,"editdist_9":0,"editdist_10":0,"editdist_11":0,"editdist_12":0,"editdist_13":0,"editdist_14":0,"editdist_15":0,"editdist_16":0,"editdist_17":0,"nb_tolonger":0,"nb_toshorter":5,"avg_interarrival":310600},{"nb_A":0,"nb_W":0,"nb_implicit_W":0,"nb_dup_A":0,"nb_dup_W":0,"nb_A_prefix":0,"nb_W_prefix":0,"max_A_prefix":0,"avg_A_prefix":0,"max_A_AS":0,"avg_A_AS":0,"nb_orign_change":0,"nb_new_A":0,"nb_new_A_afterW":0,"max_path_len":0,"avg_path_len":0,"max_editdist":0,"avg_editdist":0,"editdist_7":0,"editdist_8":0,"editdist_9":0,"editdist_10":0,"editdist_11":0,"editdist_12":0,"editdist_13":0,"editdist_14":0,"editdist_15":0,"editdist_16":0,"editdist_17":0,"nb_tolonger":0,"nb_toshorter":0,"avg_interarrival":0},{"nb_A":285,"nb_W":0,"nb_implicit_W":60,"nb_dup_A":67,"nb_dup_W":0,"nb_A_prefix":5,"nb_W_prefix":0,"max_A_prefix":69,"avg_A_prefix":57,"max_A_AS":0,"avg_A_AS":0,"nb_orign_change":0,"nb_new_A":158,"nb_new_A_afterW":0,"max_path_len":11,"avg_path_len":10,"max_editdist":5,"avg_editdist":2,"editdist_7":0,"editdist_8":0,"editdist_9":0,"editdist_10":0,"editdist_11":0,"editdist_12":0,"editdist_13":0,"editdist_14":0,"editdist_15":0,"editdist_16":0,"editdist_17":0,"nb_tolonger":0,"nb_toshorter":60,"avg_interarrival":63172},{"nb_A":5,"nb_W":0,"nb_implicit_W":0,"nb_dup_A":4,"nb_dup_W":0,"nb_A_prefix":3,"nb_W_prefix":0,"max_A_prefix":2,"avg_A_prefix":2,"max_A_AS":0,"avg_A_AS":0,"nb_orign_change":0,"nb_new_A":1,"nb_new_A_afterW":0,"max_path_len":10,"avg_path_len":10,"max_editdist":0,"avg_editdist":0,"editdist_7":0,"editdist_8":0,"editdist_9":0,"editdist_10":0,"editdist_11":0,"editdist_12":0,"editdist_13":0,"editdist_14":0,"editdist_15":0,"editdist_16":0,"editdist_17":0,"nb_tolonger":0,"nb_toshorter":0,"avg_interarrival":353500},{"nb_A":12,"nb_W":0,"nb_implicit_W":0,"nb_dup_A":5,"nb_dup_W":0,"nb_A_prefix":12,"nb_W_prefix":0,"max_A_prefix":1,"avg_A_prefix":1,"max_A_AS":7,"avg_A_AS":6,"nb_orign_change":0,"nb_new_A":7,"nb_new_A_afterW":0,"max_path_len":10,"avg_path_len":9,"max_editdist":0,"avg_editdist":0,"editdist_7":0,"editdist_8":0,"editdist_9":0,"editdist_10":0,"editdist_11":0,"editdist_12":0,"editdist_13":0,"editdist_14":0,"editdist_15":0,"editdist_16":0,"editdist_17":0,"nb_tolonger":0,"nb_toshorter":0,"avg_interarrival":0},{"nb_A":10,"nb_W":0,"nb_implicit_W":10,"nb_dup_A":0,"nb_dup_W":0,"nb_A_prefix":5,"nb_W_prefix":0,"max_A_prefix":2,"avg_A_prefix":2,"max_A_AS":0,"avg_A_AS":0,"nb_orign_change":0,"nb_new_A":0,"nb_new_A_afterW":0,"max_path_len":10,"avg_path_len":10,"max_editdist":1,"avg_editdist":1,"editdist_7":0,"editdist_8":0,"editdist_9":0,"editdist_10":0,"editdist_11":0,"editdist_12":0,"editdist_13":0,"editdist_14":0,"editdist_15":0,"editdist_16":0,"editdist_17":0,"nb_tolonger":0,"nb_toshorter":10,"avg_interarrival":30000},{"nb_A":493,"nb_W":0,"nb_implicit_W":302,"nb_dup_A":191,"nb_dup_W":0,"nb_A_prefix":5,"nb_W_prefix":0,"max_A_prefix":100,"avg_A_prefix":99,"max_A_AS":0,"avg_A_AS":0,"nb_orign_change":0,"nb_new_A":0,"nb_new_A_afterW":0,"max_path_len":14,"avg_path_len":10,"max_editdist":4,"avg_editdist":2,"editdist_7":0,"editdist_8":0,"editdist_9":0,"editdist_10":0,"editdist_11":0,"editdist_12":0,"editdist_13":0,"editdist_14":0,"editdist_15":0,"editdist_16":0,"editdist_17":0,"nb_tolonger":105,"nb_toshorter":197,"avg_interarrival":1345},{"nb_A":31,"nb_W":0,"nb_implicit_W":10,"nb_dup_A":21,"nb_dup_W":0,"nb_A_prefix":12,"nb_W_prefix":0,"max_A_prefix":5,"avg_A_prefix":3,"max_A_AS":24,"avg_A_AS":16,"nb_orign_change":0,"nb_new_A":0,"nb_new_A_afterW":0,"max_path_len":10,"avg_path_len":10,"max_editdist":3,"avg_editdist":2,"editdist_7":0,"editdist_8":0,"editdist_9":0,"editdist_10":0,"editdist_11":0,"editdist_12":0,"editdist_13":0,"editdist_14":0,"editdist_15":0,"editdist_16":0,"editdist_17":0,"nb_tolonger":0,"nb_toshorter":10,"avg_interarrival":341857},{"nb_A":9,"nb_W":0,"nb_implicit_W":0,"nb_dup_A":9,"nb_dup_W":0,"nb_A_prefix":5,"nb_W_prefix":0,"max_A_prefix":2,"avg_A_prefix":2,"max_A_AS":0,"avg_A_AS":0,"nb_orign_change":0,"nb_new_A":0,"nb_new_A_afterW":0,"max_path_len":10,"avg_path_len":10,"max_editdist":0,"avg_editdist":0,"editdist_7":0,"editdist_8":0,"editdist_9":0,"editdist_10":0,"editdist_11":0,"editdist_12":0,"editdist_13":0,"editdist_14":0,"editdist_15":0,"editdist_16":0,"editdist_17":0,"nb_tolonger":0,"nb_toshorter":0,"avg_interarrival":419500},{"nb_A":0,"nb_W":0,"nb_implicit_W":0,"nb_dup_A":0,"nb_dup_W":0,"nb_A_prefix":0,"nb_W_prefix":0,"max_A_prefix":0,"avg_A_prefix":0,"max_A_AS":0,"avg_A_AS":0,"nb_orign_change":0,"nb_new_A":0,"nb_new_A_afterW":0,"max_path_len":0,"avg_path_len":0,"max_editdist":0,"avg_editdist":0,"editdist_7":0,"editdist_8":0,"editdist_9":0,"editdist_10":0,"editdist_11":0,"editdist_12":0,"editdist_13":0,"editdist_14":0,"editdist_15":0,"editdist_16":0,"editdist_17":0,"nb_tolonger":0,"nb_toshorter":0,"avg_interarrival":0},{"nb_A":0,"nb_W":0,"nb_implicit_W":0,"nb_dup_A":0,"nb_dup_W":0,"nb_A_prefix":0,"nb_W_prefix":0,"max_A_prefix":0,"avg_A_prefix":0,"max_A_AS":0,"avg_A_AS":0,"nb_orign_change":0,"nb_new_A":0,"nb_new_A_afterW":0,"max_path_len":0,"avg_path_len":0,"max_editdist":0,"avg_editdist":0,"editdist_7":0,"editdist_8":0,"editdist_9":0,"editdist_10":0,"editdist_11":0,"editdist_12":0,"editdist_13":0,"editdist_14":0,"editdist_15":0,"editdist_16":0,"editdist_17":0,"nb_tolonger":0,"nb_toshorter":0,"avg_interarrival":0},{"nb_A":0,"nb_W":0,"nb_implicit_W":0,"nb_dup_A":0,"nb_dup_W":0,"nb_A_prefix":0,"nb_W_prefix":0,"max_A_prefix":0,"avg_A_prefix":0,"max_A_AS":0,"avg_A_AS":0,"nb_orign_change":0,"nb_new_A":0,"nb_new_A_afterW":0,"max_path_len":0,"avg_path_len":0,"max_editdist":0,"avg_editdist":0,"editdist_7":0,"editdist_8":0,"editdist_9":0,"editdist_10":0,"editdist_11":0,"editdist_12":0,"editdist_13":0,"editdist_14":0,"editdist_15":0,"editdist_16":0,"editdist_17":0,"nb_tolonger":0,"nb_toshorter":0,"avg_interarrival":0},{"nb_A":0,"nb_W":0,"nb_implicit_W":0,"nb_dup_A":0,"nb_dup_W":0,"nb_A_prefix":0,"nb_W_prefix":0,"max_A_prefix":0,"avg_A_prefix":0,"max_A_AS":0,"avg_A_AS":0,"nb_orign_change":0,"nb_new_A":0,"nb_new_A_afterW":0,"max_path_len":0,"avg_path_len":0,"max_editdist":0,"avg_editdist":0,"editdist_7":0,"editdist_8":0,"editdist_9":0,"editdist_10":0,"editdist_11":0,"editdist_12":0,"editdist_13":0,"editdist_14":0,"editdist_15":0,"editdist_16":0,"editdist_17":0,"nb_tolonger":0,"nb_toshorter":0,"avg_interarrival":0},{"nb_A":65,"nb_W":0,"nb_implicit_W":26,"nb_dup_A":5,"nb_dup_W":0,"nb_A_prefix":15,"nb_W_prefix":0,"max_A_prefix":15,"avg_A_prefix":4,"max_A_AS":59,"avg_A_AS":32,"nb_orign_change":0,"nb_new_A":34,"nb_new_A_afterW":0,"max_path_len":12,"avg_path_len":9,"max_editdist":4,"avg_editdist":3,"editdist_7":0,"editdist_8":0,"editdist_9":0,"editdist_10":0,"editdist_11":0,"editdist_12":0,"editdist_13":0,"editdist_14":0,"editdist_15":0,"editdist_16":0,"editdist_17":0,"nb_tolonger":8,"nb_toshorter":18,"avg_interarrival":83476},{"nb_A":0,"nb_W":0,"nb_implicit_W":0,"nb_dup_A":0,"nb_dup_W":0,"nb_A_prefix":0,"nb_W_prefix":0,"max_A_prefix":0,"avg_A_prefix":0,"max_A_AS":0,"avg_A_AS":0,"nb_orign_change":0,"nb_new_A":0,"nb_new_A_afterW":0,"max_path_len":0,"avg_path_len":0,"max_editdist":0,"avg_editdist":0,"editdist_7":0,"editdist_8":0,"editdist_9":0,"editdist_10":0,"editdist_11":0,"editdist_12":0,"editdist_13":0,"editdist_14":0,"editdist_15":0,"editdist_16":0,"editdist_17":0,"nb_tolonger":0,"nb_toshorter":0,"avg_interarrival":0},{"nb_A":0,"nb_W":0,"nb_implicit_W":0,"nb_dup_A":0,"nb_dup_W":0,"nb_A_prefix":0,"nb_W_prefix":0,"max_A_prefix":0,"avg_A_prefix":0,"max_A_AS":0,"avg_A_AS":0,"nb_orign_change":0,"nb_new_A":0,"nb_new_A_afterW":0,"max_path_len":0,"avg_path_len":0,"max_editdist":0,"avg_editdist":0,"editdist_7":0,"editdist_8":0,"editdist_9":0,"editdist_10":0,"editdist_11":0,"editdist_12":0,"editdist_13":0,"editdist_14":0,"editdist_15":0,"editdist_16":0,"editdist_17":0,"nb_tolonger":0,"nb_toshorter":0,"avg_interarrival":0},{"nb_A":0,"nb_W":0,"nb_implicit_W":0,"nb_dup_A":0,"nb_dup_W":0,"nb_A_prefix":0,"nb_W_prefix":0,"max_A_prefix":0,"avg_A_prefix":0,"max_A_AS":0,"avg_A_AS":0,"nb_orign_change":0,"nb_new_A":0,"nb_new_A_afterW":0,"max_path_len":0,"avg_path_len":0,"max_editdist":0,"avg_editdist":0,"editdist_7":0,"editdist_8":0,"editdist_9":0,"editdist_10":0,"editdist_11":0,"editdist_12":0,"editdist_13":0,"editdist_14":0,"editdist_15":0,"editdist_16":0,"editdist_17":0,"nb_tolonger":0,"nb_toshorter":0,"avg_interarrival":0},{"nb_A":0,"nb_W":0,"nb_implicit_W":0,"nb_dup_A":0,"nb_dup_W":0,"nb_A_prefix":0,"nb_W_prefix":0,"max_A_prefix":0,"avg_A_prefix":0,"max_A_AS":0,"avg_A_AS":0,"nb_orign_change":0,"nb_new_A":0,"nb_new_A_afterW":0,"max_path_len":0,"avg_path_len":0,"max_editdist":0,"avg_editdist":0,"editdist_7":0,"editdist_8":0,"editdist_9":0,"editdist_10":0,"editdist_11":0,"editdist_12":0,"editdist_13":0,"editdist_14":0,"editdist_15":0,"editdist_16":0,"editdist_17":0,"nb_tolonger":0,"nb_toshorter":0,"avg_interarrival":0},{"nb_A":11,"nb_W":0,"nb_implicit_W":0,"nb_dup_A":11,"nb_dup_W":0,"nb_A_prefix":11,"nb_W_prefix":0,"max_A_prefix":1,"avg_A_prefix":1,"max_A_AS":6,"avg_A_AS":6,"nb_orign_change":0,"nb_new_A":0,"nb_new_A_afterW":0,"max_path_len":12,"avg_path_len":9,"max_editdist":0,"avg_editdist":0,"editdist_7":0,"editdist_8":0,"editdist_9":0,"editdist_10":0,"editdist_11":0,"editdist_12":0,"editdist_13":0,"editdist_14":0,"editdist_15":0,"editdist_16":0,"editdist_17":0,"nb_tolonger":0,"nb_toshorter":0,"avg_interarrival":12400},{"nb_A":0,"nb_W":0,"nb_implicit_W":0,"nb_dup_A":0,"nb_dup_W":0,"nb_A_prefix":0,"nb_W_prefix":0,"max_A_prefix":0,"avg_A_prefix":0,"max_A_AS":0,"avg_A_AS":0,"nb_orign_change":0,"nb_new_A":0,"nb_new_A_afterW":0,"max_path_len":0,"avg_path_len":0,"max_editdist":0,"avg_editdist":0,"editdist_7":0,"editdist_8":0,"editdist_9":0,"editdist_10":0,"editdist_11":0,"editdist_12":0,"editdist_13":0,"editdist_14":0,"editdist_15":0,"editdist_16":0,"editdist_17":0,"nb_tolonger":0,"nb_toshorter":0,"avg_interarrival":0},{"nb_A":0,"nb_W":0,"nb_implicit_W":0,"nb_dup_A":0,"nb_dup_W":0,"nb_A_prefix":0,"nb_W_prefix":0,"max_A_prefix":0,"avg_A_prefix":0,"max_A_AS":0,"avg_A_AS":0,"nb_orign_change":0,"nb_new_A":0,"nb_new_A_afterW":0,"max_path_len":0,"avg_path_len":0,"max_editdist":0,"avg_editdist":0,"editdist_7":0,"editdist_8":0,"editdist_9":0,"editdist_10":0,"editdist_11":0,"editdist_12":0,"editdist_13":0,"editdist_14":0,"editdist_15":0,"editdist_16":0,"editdist_17":0,"nb_tolonger":0,"nb_toshorter":0,"avg_interarrival":0},{"nb_A":0,"nb_W":0,"nb_implicit_W":0,"nb_dup_A":0,"nb_dup_W":0,"nb_A_prefix":0,"nb_W_prefix":0,"max_A_prefix":0,"avg_A_prefix":0,"max_A_AS":0,"avg_A_AS":0,"nb_orign_change":0,"nb_new_A":0,"nb_new_A_afterW":0,"max_path_len":0,"avg_path_len":0,"max_editdist":0,"avg_editdist":0,"editdist_7":0,"editdist_8":0,"editdist_9":0,"editdist_10":0,"editdist_11":0,"editdist_12":0,"editdist_13":0,"editdist_14":0,"editdist_15":0,"editdist_16":0,"editdist_17":0,"nb_tolonger":0,"nb_toshorter":0,"avg_interarrival":0},{"nb_A":0,"nb_W":0,"nb_implicit_W":0,"nb_dup_A":0,"nb_dup_W":0,"nb_A_prefix":0,"nb_W_prefix":0,"max_A_prefix":0,"avg_A_prefix":0,"max_A_AS":0,"avg_A_AS":0,"nb_orign_change":0,"nb_new_A":0,"nb_new_A_afterW":0,"max_path_len":0,"avg_path_len":0,"max_editdist":0,"avg_editdist":0,"editdist_7":0,"editdist_8":0,"editdist_9":0,"editdist_10":0,"editdist_11":0,"editdist_12":0,"editdist_13":0,"editdist_14":0,"editdist_15":0,"editdist_16":0,"editdist_17":0,"nb_tolonger":0,"nb_toshorter":0,"avg_interarrival":0}]