[{"nb_A":15,"nb_W":0,"nb_implicit_W":0,"nb_dup_A":0,"nb_dup_W":0,"nb_A_prefix":15,"nb_W_prefix":0,"max_A_prefix":1,"avg_A_prefix":1,"max_A_AS":9,"avg_A_AS":8,"nb_orign_change":0,"nb_new_A":15,"nb_new_A_afterW":0,"max_path_len":12,"avg_path_len":9,"max_editdist":0,"avg_editdist":0,"editdist_7":0,"editdist_8":0,"editdist_9":0,"editdist_10":0,"editdist_11":0,"editdist_12":0,"editdist_13":0,"editdist_14":0,"editdist_15":0,"editdist_16":0,"editdist_17":0,"nb_tolonger":0,"nb_toshorter":0,"avg_interarrival":36667},{"nb_A":0,"nb_W":0,"nb_implicit_W":0,"nb_dup_A":0,"nb_dup_W":0,"nb_A_prefix":0,"nb_W_prefix":0,"max_A_prefix":0,"avg_A_prefix":0,"max_A_AS":0,"avg_A_AS":0,"nb_orign_change":0,"nb_new_A":0,"nb_new_A_afterW":0,"max_path_len":0,"avg_path_len":0,"max_editdist":0,"avg_editdist":0,"editdist_7":0,"editdist_8":0,"editdist_9":0,"editdist_10":0,"editdist_11":0,"editdist_12":0,"editdist_13":0,"editdist_14":0,"editdist_15":0,"editdist_16":0,"editdist_17":0,"nb_tolonger":0,"nb_toshorter":0,"avg_interarrival":0},{"nb_A":0,"nb_W":0,"nb_implicit_W":0,"nb_dup_A":0,"nb_dup_W":0,"nb_A_prefix":0,"nb_W_prefix":0,"max_A_prefix":0,"avg_A_prefix":0,"max_A_AS":0,"avg_A_AS":0,"nb_orign_change":0,"nb_new_A":0,"nb_new_A_afterW":0,"max_path_len":0,"avg_path_len":0,"max_editdist":0,"avg_editdist":0,"editdist_7":0,"editdist_8":0,"editdist_9":0,"editdist_10":0,"editdist_11":0,"editdist_12":0,"editdist_13":0,"editdist_14":0,"editdist_15":0,"editdist_16":0,"editdist_17":0,"nb_tolonger":0,"nb_toshorter":0,"avg_interarrival":0},{"nb_A":0,"nb_W":0,"nb_implicit_W":0,"nb_dup_A":0,"nb_dup_W":0,"nb_A_prefix":0,"nb_W_prefix":0,"max_A_prefix":0,"avg_A_prefix":0,"max_A_AS":0,"avg_A_AS":0,"nb_orign_change":0,"nb_new_A":0,"nb_new_A_afterW":0,"max_path_len":0,"avg_path_len":0,"max_editdist":0,"avg_editdist":0,"editdist_7":0,"editdist_8":0,"editdist_9":0,"editdist_10":0,"editdist_11":0,"editdist_12":0,"editdist_13":0,"editdist_14":0,"editdist_15":0,"editdist_16":0,"editdist_17":0,"nb_tolonger":0,"nb_toshorter":0,"avg_interarrival":0},{"nb_A":2,"nb_W":0,"nb_implicit_W":0,"nb_dup_A":0,"nb_dup_W":0,"nb_A_prefix":2,"nb_W_prefix":0,"max_A_prefix":1,"avg_A_prefix":1,"max_A_AS":0,"avg_A_AS":0,"nb_orign_change":0,"nb_new_A":2,"nb_new_A_afterW":0,"max_path_len":10,"avg_path_len":10,"max_editdist":0,"avg_editdist":0,"editdist_7":0,"editdist_8":0,"editdist_9":0,"editdist_10":0,"editdist_11":0,"editdist_12":0,"editdist_13":0,"editdist_14":0,"editdist_15":0,"editdist_16":0,"editdist_17":0,"nb_tolonger":0,"nb_toshorter":0,"avg_interarrival":0},{"nb_A":5,"nb_W":0,"nb_implicit_W":2,"nb_dup_A":0,"nb_dup_W":0,"nb_A_prefix":5,"nb_W_prefix":0,"max_A_prefix":1,"avg_A_prefix":1,"max_A_AS":0,"avg_A_AS":0,"nb_orign_change":0,"nb_new_A":3,"nb_new_A_afterW":0,"max_path_len":10,"avg_path_len":10,"max_editdist":1,"avg_editdist":1,"editdist_7":0,"editdist_8":0,"editdist_9":0,"editdist_10":0,"editdist_11":0,"editdist_12":0,"editdist_13":0,"editdist_14":0,"editdist_15":0,"editdist_16":0,"editdist_17":0,"nb_tolonger":0,"nb_toshorter":2,"avg_interarrival":0},{"nb_A":0,"nb_W":0,"nb_implicit_W":0,"nb_dup_A":0,"nb_dup_W":0,"nb_A_prefix":0,"nb_W_prefix":0,"max_A_prefix":0,"avg_A_prefix":0,"max_A_AS":0,"avg_A_AS":0,"nb_orign_change":0,"nb_new_A":0,"nb_new_A_afterW":0,"max_path_len":0,"avg_path_len":0,"max_editdist":0,"avg_editdist":0,"editdist_7":0,"editdist_8":0,"editdist_9":0,"editdist_10":0,"editdist_11":0,"editdist_12":0,"editdist_13":0,"editdist_14":0,"editdist_15":0,"editdist_16":0,"editdist_17":0,"nb_tolonger":0,"nb_toshorter":0,"avg_interarrival":0},{"nb_A":0,"nb_W":0,"nb_implicit_W":0,"nb_dup_A":0,"nb_dup_W":0,"nb_A_prefix":0,"nb_W_prefix":0,"max_A_prefix":0,"avg_A_prefix":0,"max_A_AS":0,"avg_A_AS":0,"nb_orign_change":0,"nb_new_A":0,"nb_new_A_afterW":0,"max_path_len":0,"avg_path_len":0,"max_editdist":0,"avg_editdist":0,"editdist_7":0,"editdist_8":0,"editdist_9":0,"editdist_10":0,"editdist_11":0,"editdist_12":0,"editdist_13":0,"editdist_14":0,"editdist_15":0,"editdist_16":0,"editdist_17":0,"nb_tolonger":0,"nb_toshorter":0,"avg_interarrival":0},{"nb_A":0,"nb_W":0,"nb_implicit_W":0,"nb_dup_A":0,"nb_dup_W":0,"nb_A_prefix":0,"nb_W_prefix":0,"max_A_prefix":0,"avg_A_prefix":0,"max_A_AS":0,"avg_A_AS":0,"nb_orign_change":0,"nb_new_A":0,"nb_new_A_afterW":0,"max_path_len":0,"avg_path_len":0,"max_editdist":0,"avg_editdist":0,"editdist_7":0,"editdist_8":0,"editdist_9":0,"editdist_10":0,"editdist_11":0,"editdist_12":0,"editdist_13":0,"editdist_14":0,"editdist_15":0,"editdist_16":0,"editdist_17":0,"nb_tolonger":0,"nb_toshorter":0,"avg_interarrival":0},{"nb_A":0,"nb_W":0,"nb_implicit_W":0,"nb_dup_A":0,"nb_dup_W":0,"nb_A_prefix":0,"nb_W_prefix":0,"max_A_prefix":0,"avg_A_prefix":0,"max_A_AS":0,"avg_A_AS":0,"nb_orign_change":0,"nb_new_A":0,"nb_new_A_afterW":0,"max_path_len":0,"avg_path_len":0,"max_editdist":0,"avg_editdist":0,"editdist_7":0,"editdist_8":0,"editdist_9":0,"editdist_10":0,"editdist_11":0,"editdist_12":0,"editdist_13":0,"editdist_14":0,"editdist_15":0,"editdist_16":0,"editdist_17":0,"nb_tolonger":0,"nb_toshorter":0,"avg_interarrival":0},{"nb_A":0,"nb_W":0,"nb_implicit_W":0,"nb_dup_A":0,"nb_dup_W":0,"nb_A_prefix":0,"nb_W_prefix":0,"max_A_prefix":0,"avg_A_prefix":0,"max_A_AS":0,"avg_A_AS":0,"nb_orign_change":0,"nb_new_A":0,"nb_new_A_afterW":0,"max_path_len":0,"avg_path_len":0,"max_editdist":0,"avg_editdist":0,"editdist_7":0,"editdist_8":0,"editdist_9":0,"editdist_10":0,"editdist_11":0,"editdist_12":0,"editdist_13":0,"editdist_14":0,"editdist_15":0,"editdist_16":0,"editdist_17":0,"nb_tolonger":0,"nb_toshorter":0,"avg_interarrival":0},{"nb_A":0,"nb_W":0,"nb_implicit_W":0,"nb_dup_A":0,"nb_dup_W":0,"nb_A_prefix":0,"nb_W_prefix":0,"max_A_prefix":0,"avg_A_prefix":0,"max_A_AS":0,"avg_A_AS":0,"nb_orign_change":0,"nb_new_A":0,"nb_new_A_afterW":0,"max_path_len":0,"avg_path_len":0,"max_editdist":0,"avg_editdist":0,"editdist_7":0,"editdist_8":0,"editdist_9":0,"editdist_10":0,"editdist_11":0,"editdist_12":0,"editdist_13":0,"editdist_14":0,"editdist_15":0,"editdist_16":0,"editdist_17":0,"nb_tolonger":0,"nb_toshorter":0,"avg_interarrival":0},{"nb_A":0,"nb_W":0,"nb_implicit_W":0,"nb_dup_A":0,"nb_dup_W":0,"nb_A_prefix":0,"nb_W_prefix":0,"max_A_prefix":0,"avg_A_prefix":0,"max_A_AS":0,"avg_A_AS":0,"nb_orign_change":0,"nb_new_A":0,"nb_new_A_afterW":0,"max_path_len":0,"avg_path_len":0,"max_editdist":0,"avg_editdist":0,"editdist_7":0,"editdist_8":0,"editdist_9":0,"editdist_10":0,"editdist_11":0,"editdist_12":0,"editdist_13":0,"editdist_14":0,"editdist_15":0,"editdist_16":0,"editdist_17":0,"nb_tolonger":0,"nb_toshorter":0,"avg_interarrival":0},{"nb_A":0,"nb_W":0,"nb_implicit_W":0,"nb_dup_A":0,"nb_dup_W":0,"nb_A_prefix":0,"nb_W_prefix":0,"max_A_prefix":0,"avg_A_prefix":0,"max_A_AS":0,"avg_A_AS":0,"nb_orign_change":0,"nb_new_A":0,"nb_new_A_afterW":0,"max_path_len":0,"avg_path_len":0,"max_editdist":0,"avg_editdist":0,"editdist_7":0,"editdist_8":0,"editdist_9":0,"editdist_10":0,"editdist_11":0,"editdist_12":0,"editdist_13":0,"editdist_14":0,"editdist_15":0,"editdist_16":0,"editdist_17":0,"nb_tolonger":0,"nb_toshorter":0,"avg_interarrival":0},{"nb_A":0,"nb_W":0,"nb_implicit_W":0,"nb_dup_A":0,"nb_dup_W":0,"nb_A_prefix":0,"nb_W_prefix":0,"max_A_prefix":0,"avg_A_prefix":0,"max_A_AS":0,"avg_A_AS":0,"nb_orign_change":0,"nb_new_A":0,"nb_new_A_afterW":0,"max_path_len":0,"avg_path_len":0,"max_editdist":0,"avg_editdist":0,"editdist_7":0,"editdist_8":0,"editdist_9":0,"editdist_10":0,"editdist_11":0,"editdist_12":0,"editdist_13":0,"editdist_14":0,"editdist_15":0,"editdist_16":0,"editdist_17":0,"nb_tolonger":0,"nb_toshorter":0,"avg_interarrival":0},{"nb_A":0,"nb_W":0,"nb_implicit_W":0,"nb_dup_A":0,"nb_dup_W":0,"nb_A_prefix":0,"nb_W_prefix":0,"max_A_prefix":0,"avg_A_prefix":0,"max_A_AS":0,"avg_A_AS":0,"nb_orign_change":0,"nb_new_A":0,"nb_new_A_afterW":0,"max_path_len":0,"avg_path_len":0,"max_editdist":0,"avg_editdist":0,"editdist_7":0,"editdist_8":0,"editdist_9":0,"editdist_10":0,"editdist_11":0,"editdist_12":0,"editdist_13":0,"editdist_14":0,"editdist_15":0,"editdist_16":0,"editdist_17":0,"nb_tolonger":0,"nb_toshorter":0,"avg_interarrival":0},{"nb_A":0,"nb_W":0,"nb_implicit_W":0,"nb_dup_A":0,"nb_dup_W":0,"nb_A_prefix":0,"nb_W_prefix":0,"max_A_prefix":0,"avg_A_prefix":0,"max_A_AS":0,"avg_A_AS":0,"nb_orign_change":0,"nb_new_A":0,"nb_new_A_afterW":0,"max_path_len":0,"avg_path_len":0,"max_editdist":0,"avg_editdist":0,"editdist_7":0,"editdist_8":0,"editdist_9":0,"editdist_10":0,"editdist_11":0,"editdist_12":0,"editdist_13":0,"editdist_14":0,"editdist_15":0,"editdist_16":0,"editdist_17":0,"nb_tolonger":0,"nb_toshorter":0,"avg_interarrival":0},{"nb_A":0,"nb_W":0,"nb_implicit_W":0,"nb_dup_A":0,"nb_dup_W":0,"nb_A_prefix":0,"nb_W_prefix":0,"max_A_prefix":0,"avg_A_prefix":0,"max_A_AS":0,"avg_A_AS":0,"nb_orign_change":0,"nb_new_A":0,"nb_new_A_afterW":0,"max_path_len":0,"avg_path_len":0,"max_editdist":0,"avg_editdist":0,"editdist_7":0,"editdist_8":0,"editdist_9":0,"editdist_10":0,"editdist_11":0,"editdist_12":0,"editdist_13":0,"editdist_14":0,"editdist_15":0,"editdist_16":0,"editdist_17":0,"nb_tolonger":0,"nb_toshorter":0,"avg_interarrival":0},{"nb_A":0,"nb_W":0,"nb_implicit_W":0,"nb_dup_A":0,"nb_dup_W":0,"nb_A_prefix":0,"nb_W_prefix":0,"max_A_prefix":0,"avg_A_prefix":0,"max_A_AS":0,"avg_A_AS":0,"nb_orign_change":0,"nb_new_A":0,"nb_new_A_afterW":0,"max_path_len":0,"avg_path_len":0,"max_editdist":0,"avg_editdist":0,"editdist_7":0,"editdist_8":0,"editdist_9":0,"editdist_10":0,"editdist_11":0,"editdist_12":0,"editdist_13":0,"editdist_14":0,"editdist_15":0,"editdist_16":0,"editdist_17":0,"nb_tolonger":0,"nb_toshorter":0,"avg_interarrival":0},{"nb_A":0,"nb_W":0,"nb_implicit_W":0,"nb_dup_A":0,"nb_dup_W":0,"nb_A_prefix":0,"nb_W_prefix":0,"max_A_prefix":0,"avg_A_prefix":0,"max_A_AS":0,"avg_A_AS":0,"nb_orign_change":0,"nb_new_A":0,"nb_new_A_afterW":0,"max_path_len":0,"avg_path_len":0,"max_editdist":0,"avg_editdist":0,"editdist_7":0,"editdist_8":0,"editdist_9":0,"editdist_10":0,"editdist_11":0,"editdist_12":0,"editdist_13":0,"editdist_14":0,"editdist_15":0,"editdist_16":0,"editdist_17":0,"nb_tolonger":0,"nb_toshorter":0,"avg_interarrival":0},{"nb_A":0,"nb_W":0,"nb_implicit_W":0,"nb_dup_A":0,"nb_dup_W":0,"nb_A_prefix":0,"nb_W_prefix":0,"max_A_prefix":0,"avg_A_prefix":0,"max_A_AS":0,"avg_A_AS":0,"nb_orign_change":0,"nb_new_A":0,"nb_new_A_afterW":0,"max_path_len":0,"avg_path_len":0,"max_editdist":0,"avg_editdist":0,"editdist_7":0,"editdist_8":0,"editdist_9":0,"editdist_10":0,"editdist_11":0,"editdist_12":0,"editdist_13":0,"editdist_14":0,"editdist_15":0,"editdist_16":0,"editdist_17":0,"nb_tolonger":0,"nb_toshorter":0,"avg_interarrival":0},{"nb_A":0,"nb_W":0,"nb_implicit_W":0,"nb_dup_A":0,"nb_dup_W":0,"nb_A_prefix":0,"nb_W_prefix":0,"max_A_prefix":0,"avg_A_prefix":0,"max_A_AS":0,"avg_A_AS":0,"nb_orign_change":0,"nb_new_A":0,"nb_new_A_afterW":0,"max_path_len":0,"avg_path_len":0,"max_editdist":0,"avg_editdist":0,"editdist_7":0,"editdist_8":0,"editdist_9":0,"editdist_10":0,"editdist_11":0,"editdist_12":0,"editdist_13":0,"editdist_14":0,"editdist_15":0,"editdist_16":0,"editdist_17":0,"nb_tolonger":0,"nb_toshorter":0,"avg_interarrival":0},{"nb_A":0,"nb_W":0,"nb_implicit_W":0,"nb_dup_A":0,"nb_dup_W":0,"nb_A_prefix":0,"nb_W_prefix":0,"max_A_prefix":0,"avg_A_prefix":0,"max_A_AS":0,"avg_A_AS":0,"nb_orign_change":0,"nb_new_A":0,"nb_new_A_afterW":0,"max_path_len":0,"avg_path_len":0,"max_editdist":0,"avg_editdist":0,"editdist_7":0,"editdist_8":0,"editdist_9":0,"editdist_10":0,"editdist_11":0,"editdist_12":0,"editdist_13":0,"editdist_14":0,"editdist_15":0,"editdist_16":0,"editdist_17":0,"nb_tolonger":0,"nb_toshorter":0,"avg_interarrival":0},{"nb_A":0,"nb_W":0,"nb_implicit_W":0,"nb_dup_A":0,"nb_dup_W":0,"nb_A_prefix":0,"nb_W_prefix":0,"max_A_prefix":0,"avg_A_prefix":0,"max_A_AS":0,"avg_A_AS":0,"nb_orign_change":0,"nb_new_A":0,"nb_new_A_afterW":0,"max_path_len":0,"avg_path_len":0,"max_editdist":0,"avg_editdist":0,"editdist_7":0,"editdist_8":0,"editdist_9":0,"editdist_10":0,"editdist_11":0,"editdist_12":0,"editdist_13":0,"editdist_14":0,"editdist_15":0,"editdist_16":0,"editdist_17":0,"nb_tolonger":0,"nb_toshorter":0,"avg_interarrival":0},{"nb_A":0,"nb_W":0,"nb_implicit_W":0,"nb_dup_A":0,"nb_dup_W":0,"nb_A_prefix":0,"nb_W_prefix":0,"max_A_prefix":0,"avg_A_prefix":0,"max_A_AS":0,"avg_A_AS":0,"nb_orign_change":0,"nb_new_A":0,"nb_new_A_afterW":0,"max_path_len":0,"avg_path_len":0,"max_editdist":0,"avg_editdist":0,"editdist_7":0,"editdist_8":0,"editdist_9":0,"editdist_10":0,"editdist_11":0,"editdist_12":0,"editdist_13":0,"editdist_14":0,"editdist_15":0,"editdist_16":0,"editdist_17":0,"nb_tolonger":0,"nb_toshorter":0,"avg_interarrival":0},{"nb_A":0,"nb_W":0,"nb_implicit_W":0,"nb_dup_A":0,"nb_dup_W":0,"nb_A_prefix":0,"nb_W_prefix":0,"max_A_prefix":0,"avg_A_prefix":0,"max_A_AS":0,"avg_A_AS":0,"nb_orign_change":0,"nb_new_A":0,"nb_new_A_afterW":0,"max_path_len":0,"avg_path_len":0,"max_editdist":0,"avg_editdist":0,"editdist_7":0,"editdist_8":0,"editdist_9":0,"editdist_10":0,"editdist_11":0,"editdist_12":0,"editdist_13":0,"editdist_14":0,"editdist_15":0,"editdist_16":0,"editdist_17":0,"nb_tolonger":0,"nb_toshorter":0,"avg_interarrival":0},{"nb_A":0,"nb_W":0,"nb_implicit_W":0,"nb_dup_A":0,"nb_dup_W":0,"nb_A_prefix":0,"nb_W_prefix":0,"max_A_prefix":0,"avg_A_prefix":0,"max_A_AS":0,"avg_A_AS":0,"nb_orign_change":0,"nb_new_A":0,"nb_new_A_afterW":0,"max_path_len":0,"avg_path_len":0,"max_editdist":0,"avg_editdist":0,"editdist_7":0,"editdist_8":0,"editdist_9":0,"editdist_10":0,"editdist_11":0,"editdist_12":0,"editdist_13":0,"editdist_14":0,"editdist_15":0,"editdist_16":0,"editdist_17":0,"nb_tolonger":0,"nb_toshorter":0,"avg_interarrival":0},{"nb_A":261,"nb_W":0,"nb_implicit_W":55,"nb_dup_A":63,"nb_dup_W":0,"nb_A_prefix":5,"nb_W_prefix":0,"max_A_prefix":63,"avg_A_prefix":52,"max_A_AS":0,"avg_A_AS":0,"nb_orign_change":0,"nb_new_A":143,"nb_new_A_afterW":0,"max_path_len":11,"avg_path_len":10,"max_editdist":5,"avg_editdist":2,"editdist_7":0,"editdist_8":0,"editdist_9":0,"editdist_10":0,"editdist_11":0,"editdist_12":0,"editdist_13":0,"editdist_14":0,"editdist_15":0,"editdist_16":0,"editdist_17":0,"nb_tolonger":0,"nb_toshorter":55,"avg_interarrival":2040},{"nb_A":0,"nb_W":0,"nb_implicit_W":0,"nb_dup_A":0,"nb_dup_W":0,"nb_A_prefix":0,"nb_W_prefix":0,"max_A_prefix":0,"avg_A_prefix":0,"max_A_AS":0,"avg_A_AS":0,"nb_orign_change":0,"nb_new_A":0,"nb_new_A_afterW":0,"max_path_len":0,"avg_path_len":0,"max_editdist":0,"avg_editdist":0,"editdist_7":0,"editdist_8":0,"editdist_9":0,"editdist_10":0,"editdist_11":0,"editdist_12":0,"editdist_13":0,"editdist_14":0,"editdist_15":0,"editdist_16":0,"editdist_17":0,"nb_tolonger":0,"nb_toshorter":0,"avg_interarrival":0},{"nb_A":0,"nb_W":0,"nb_implicit_W":0,"nb_dup_A":0,"nb_dup_W":0,"nb_A_prefix":0,"nb_W_prefix":0,"max_A_prefix":0,"avg_A_prefix":0,"max_A_AS":0,"avg_A_AS":0,"nb_orign_change":0,"nb_new_A":0,"nb_new_A_afterW":0,"max_path_len":0,"avg_path_len":0,"max_editdist":0,"avg_editdist":0,"editdist_7":0,"editdist_8":0,"editdist_9":0,"editdist_10":0,"editdist_11":0,"editdist_12":0,"editdist_13":0,"editdist_14":0,"editdist_15":0,"editdist_16":0,"editdist_17":0,"nb_tolonger":0,"nb_toshorter":0,"avg_interarrival":0},{"nb_A":0,"nb_W":0,"nb_implicit_W":0,"nb_dup_A":0,"nb_dup_W":0,"nb_A_prefix":0,"nb_W_prefix":0,"max_A_prefix":0,"avg_A_prefix":0,"max_A_AS":0,"avg_A_AS":0,"nb_orign_change":0,"nb_new_A":0,"nb_new_A_afterW":0,"max_path_len":0,"avg_path_len":0,"max_editdist":0,"avg_editdist":0,"editdist_7":0,"editdist_8":0,"editdist_9":0,"editdist_10":0,"editdist_11":0,"editdist_12":0,"editdist_13":0,"editdist_14":0,"editdist_15":0,"editdist_16":0,"editdist_17":0,"nb_tolonger":0,"nb_toshorter":0,"avg_interarrival":0},{"nb_A":0,"nb_W":0,"nb_implicit_W":0,"nb_dup_A":0,"nb_dup_W":0,"nb_A_prefix":0,"nb_W_prefix":0,"max_A_prefix":0,"avg_A_prefix":0,"max_A_AS":0,"avg_A_AS":0,"nb_orign_change":0,"nb_new_A":0,"nb_new_A_afterW":0,"max_path_len":0,"avg_path_len":0,"max_editdist":0,"avg_editdist":0,"editdist_7":0,"editdist_8":0,"editdist_9":0,"editdist_10":0,"editdist_11":0,"editdist_12":0,"editdist_13":0,"editdist_14":0,"editdist_15":0,"editdist_16":0,"editdist_17":0,"nb_tolonger":0,"nb_toshorter":0,"avg_interarrival":0},{"nb_A":0,"nb_W":0,"nb_implicit_W":0,"nb_dup_A":0,"nb_dup_W":0,"nb_A_prefix":0,"nb_W_prefix":0,"max_A_prefix":0,"avg_A_prefix":0,"max_A_AS":0,"avg_A_AS":0,"nb_orign_change":0,"nb_new_A":0,"nb_new_A_afterW":0,"max_path_len":0,"avg_path_len":0,"max_editdist":0,"avg_editdist":0,"editdist_7":0,"editdist_8":0,"editdist_9":0,"editdist_10":0,"editdist_11":0,"editdist_12":0,"editdist_13":0,"editdist_14":0,"editdist_15":0,"editdist_16":0,"editdist_17":0,"nb_tolonger":0,"nb_toshorter":0,"avg_interarrival":0},{"nb_A":0,"nb_W":0,"nb_implicit_W":0,"nb_dup_A":0,"nb_dup_W":0,"nb_A_prefix":0,"nb_W_prefix":0,"max_A_prefix":0,"avg_A_prefix":0,"max_A_AS":0,"avg_A_AS":0,"nb_orign_change":0,"nb_new_A":0,"nb_new_A_afterW":0,"max_path_len":0,"avg_path_len":0,"max_editdist":0,"avg_editdist":0,"editdist_7":0,"editdist_8":0,"editdist_9":0,"editdist_10":0,"editdist_11":0,"editdist_12":0,"editdist_13":0,"editdist_14":0,"editdist_15":0,"editdist_16":0,"editdist_17":0,"nb_tolonger":0,"nb_toshorter":0,"avg_interarrival":0},{"nb_A":0,"nb_W":0,"nb_implicit_W":0,"nb_dup_A":0,"nb_dup_W":0,"nb_A_prefix":0,"nb_W_prefix":0,"max_A_prefix":0,"avg_A_prefix":0,"max_A_AS":0,"avg_A_AS":0,"nb_orign_change":0,"nb_new_A":0,"nb_new_A_afterW":0,"max_path_len":0,"avg_path_len":0,"max_editdist":0,"avg_editdist":0,"editdist_7":0,"editdist_8":0,"editdist_9":0,"editdist_10":0,"editdist_11":0,"editdist_12":0,"editdist_13":0,"editdist_14":0,"editdist_15":0,"editdist_16":0,"editdist_17":0,"nb_tolonger":0,"nb_toshorter":0,"avg_interarrival":0},{"nb_A":0,"nb_W":0,"nb_implicit_W":0,"nb_dup_A":0,"nb_dup_W":0,"nb_A_prefix":0,"nb_W_prefix":0,"max_A_prefix":0,"avg_A_prefix":0,"max_A_AS":0,"avg_A_AS":0,"nb_orign_change":0,"nb_new_A":0,"nb_new_A_afterW":0,"max_path_len":0,"avg_path_len":0,"max_editdist":0,"avg_editdist":0,"editdist_7":0,"editdist_8":0,"editdist_9":0,"editdist_10":0,"editdist_11":0,"editdist_12":0,"editdist_13":0,"editdist_14":0,"editdist_15":0,"editdist_16":0,"editdist_17":0,"nb_tolonger":0,"nb_toshorter":0,"avg_interarrival":0},{"nb_A":0,"nb_W":0,"nb_implicit_W":0,"nb_dup_A":0,"nb_dup_W":0,"nb_A_prefix":0,"nb_W_prefix":0,"max_A_prefix":0,"avg_A_prefix":0,"max_A_AS":0,"avg_A_AS":0,"nb_orign_change":0,"nb_new_A":0,"nb_new_A_afterW":0,"max_path_len":0,"avg_path_len":0,"max_editdist":0,"avg_editdist":0,"editdist_7":0,"editdist_8":0,"editdist_9":0,"editdist_10":0,"editdist_11":0,"editdist_12":0,"editdist_13":0,"editdist_14":0,"editdist_15":0,"editdist_16":0,"editdist_17":0,"nb_tolonger":0,"nb_toshorter":0,"avg_interarrival":0},{"nb_A":0,"nb_W":0,"nb_implicit_W":0,"nb_dup_A":0,"nb_dup_W":0,"nb_A_prefix":0,"nb_W_prefix":0,"max_A_prefix":0,"avg_A_prefix":0,"max_A_AS":0,"avg_A_AS":0,"nb_orign_change":0,"nb_new_A":0,"nb_new_A_afterW":0,"max_path_len":0,"avg_path_len":0,"max_editdist":0,"avg_editdist":0,"editdist_7":0,"editdist_8":0,"editdist_9":0,"editdist_10":0,"editdist_11":0,"editdist_12":0,"editdist_13":0,"editdist_14":0,"editdist_15":0,"editdist_16":0,"editdist_17":0,"nb_tolonger":0,"nb_toshorter":0,"avg_interarrival":0},{"nb_A":0,"nb_W":0,"nb_implicit_W":0,"nb_dup_A":0,"nb_dup_W":0,"nb_A_prefix":0,"nb_W_prefix":0,"max_A_prefix":0,"avg_A_prefix":0,"max_A_AS":0,"avg_A_AS":0,"nb_orign_change":0,"nb_new_A":0,"nb_new_A_afterW":0,"max_path_len":0,"avg_path_len":0,"max_editdist":0,"avg_editdist":0,"editdist_7":0,"editdist_8":0,"editdist_9":0,"editdist_10":0,"editdist_11":0,"editdist_12":0,"editdist_13":0,"editdist_14":0,"editdist_15":0,"editdist_16":0,"editdist_17":0,"nb_tolonger":0,"nb_toshorter":0,"avg_interarrival":0},{"nb_A":0,"nb_W":0,"nb_implicit_W":0,"nb_dup_A":0,"nb_dup_W":0,"nb_A_prefix":0,"nb_W_prefix":0,"max_A_prefix":0,"avg_A_prefix":0,"max_A_AS":0,"avg_A_AS":0,"nb_orign_change":0,"nb_new_A":0,"nb_new_A_afterW":0,"max_path_len":0,"avg_path_len":0,"max_editdist":0,"avg_editdist":0,"editdist_7":0,"editdist_8":0,"editdist_9":0,"editdist_10":0,"editdist_11":0,"editdist_12":0,"editdist_13":0,"editdist_14":0,"editdist_15":0,"editdist_16":0,"editdist_17":0,"nb_tolonger":0,"nb_toshorter":0,"avg_interarrival":0},{"nb_A":0,"nb_W":0,"nb_implicit_W":0,"nb_dup_A":0,"nb_dup_W":0,"nb_A_prefix":0,"nb_W_prefix":0,"max_A_prefix":0,"avg_A_prefix":0,"max_A_AS":0,"avg_A_AS":0,"nb_orign_change":0,"nb_new_A":0,"nb_new_A_afterW":0,"max_path_len":0,"avg_path_len":0,"max_editdist":0,"avg_editdist":0,"editdist_7":0,"editdist_8":0,"editdist_9":0,"editdist_10":0,"editdist_11":0,"editdist_12":0,"editdist_13":0,"editdist_14":0,"editdist_15":0,"editdist_16":0,"editdist_17":0,"nb_tolonger":0,"nb_toshorter":0,"avg_interarrival":0},{"nb_A":0,"nb_W":0,"nb_implicit_W":0,"nb_dup_A":0,"nb_dup_W":0,"nb_A_prefix":0,"nb_W_prefix":0,"max_A_prefix":0,"avg_A_prefix":0,"max_A_AS":0,"avg_A_AS":0,"nb_orign_change":0,"nb_new_A":0,"nb_new_A_afterW":0,"max_path_len":0,"avg_path_len":0,"max_editdist":0,"avg_editdist":0,"editdist_7":0,"editdist_8":0,"editdist_9":0,"editdist_10":0,"editdist_11":0,"editdist_12":0,"editdist_13":0,"editdist_14":0,"editdist_15":0,"editdist_16":0,"editdist_17":0,"nb_tolonger":0,"nb_toshorter":0,"avg_interarrival":0},{"nb_A":0,"nb_W":0,"nb_implicit_W":0,"nb_dup_A":0,"nb_dup_W":0,"nb_A_prefix":0,"nb_W_prefix":0,"max_A_prefix":0,"avg_A_prefix":0,"max_A_AS":0,"avg_A_AS":0,"nb_orign_change":0,"nb_new_A":0,"nb_new_A_afterW":0,"max_path_len":0,"avg_path_len":0,"max_editdist":0,"avg_editdist":0,"editdist_7":0,"editdist_8":0,"editdist_9":0,"editdist_10":0,"editdist_11":0,"editdist_12":0,"editdist_13":0,"editdist_14":0,"editdist_15":0,"editdist_16":0,"editdist_17":0,"nb_tolonger":0,"nb_toshorter":0,"avg_interarrival":0},{"nb_A":0,"nb_W":0,"nb_implicit_W":0,"nb_dup_A":0,"nb_dup_W":0,"nb_A_prefix":0,"nb_W_prefix":0,"max_A_prefix":0,"avg_A_prefix":0,"max_A_AS":0,"avg_A_AS":0,"nb_orign_change":0,"nb_new_A":0,"nb_new_A_afterW":0,"max_path_len":0,"avg_path_len":0,"max_editdist":0,"avg_editdist":0,"editdist_7":0,"editdist_8":0,"editdist_9":0,"editdist_10":0,"editdist_11":0,"editdist_12":0,"editdist_13":0,"editdist_14":0,"editdist_15":0,"editdist_16":0,"editdist_17":0,"nb_tolonger":0,"nb_toshorter":0,"avg_interarrival":0},{"nb_A":0,"nb_W":0,"nb_implicit_W":0,"nb_dup_A":0,"nb_dup_W":0,"nb_A_prefix":0,"nb_W_prefix":0,"max_A_prefix":0,"avg_A_prefix":0,"max_A_AS":0,"avg_A_AS":0,"nb_orign_change":0,"nb_new_A":0,"nb_new_A_afterW":0,"max_path_len":0,"avg_path_len":0,"max_editdist":0,"avg_editdist":0,"editdist_7":0,"editdist_8":0,"editdist_9":0,"editdist_10":0,"editdist_11":0,"editdist_12":0,"editdist_13":0,"editdist_14":0,"editdist_15":0,"editdist_16":0,"editdist_17":0,"nb_tolonger":0,"nb_toshorter":0,"avg_interarrival":0},{"nb_A":0,"nb_W":0,"nb_implicit_W":0,"nb_dup_A":0,"nb_dup_W":0,"nb_A_prefix":0,"nb_W_prefix":0,"max_A_prefix":0,"avg_A_prefix":0,"max_A_AS":0,"avg_A_AS":0,"nb_orign_change":0,"nb_new_A":0,"nb_new_A_afterW":0,"max_path_len":0,"avg_path_len":0,"max_editdist":0,"avg_editdist":0,"editdist_7":0,"editdist_8":0,"editdist_9":0,"editdist_10":0,"editdist_11":0,"editdist_12":0,"editdist_13":0,"editdist_14":0,"editdist_15":0,"editdist_16":0,"editdist_17":0,"nb_tolonger":0,"nb_toshorter":0,"avg_interarrival":0},{"nb_A":0,"nb_W":0,"nb_implicit_W":0,"nb_dup_A":0,"nb_dup_W":0,"nb_A_prefix":0,"nb_W_prefix":0,"max_A_prefix":0,"avg_A_prefix":0,"max_A_AS":0,"avg_A_AS":0,"nb_orign_change":0,"nb_new_A":0,"nb_new_A_afterW":0,"max_path_len":0,"avg_path_len":0,"max_editdist":0,"avg_editdist":0,"editdist_7":0,"editdist_8":0,"editdist_9":0,"editdist_10":0,"editdist_11":0,"editdist_12":0,"editdist_13":0,"editdist_14":0,"editdist_15":0,"editdist_16":0,"editdist_17":0,"nb_tolonger":0,"nb_toshorter":0,"avg_interarrival":0},{"nb_A":0,"nb_W":0,"nb_implicit_W":0,"nb_dup_A":0,"nb_dup_W":0,"nb_A_prefix":0,"nb_W_prefix":0,"max_A_prefix":0,"avg_A_prefix":0,"max_A_AS":0,"avg_A_AS":0,"nb_orign_change":0,"nb_new_A":0,"nb_new_A_afterW":0,"max_path_len":0,"avg_path_len":0,"max_editdist":0,"avg_editdist":0,"editdist_7":0,"editdist_8":0,"editdist_9":0,"editdist_10":0,"editdist_11":0,"editdist_12":0,"editdist_13":0,"editdist_14":0,"editdist_15":0,"editdist_16":0,"editdist_17":0,"nb_tolonger":0,"nb_toshorter":0,"avg_interarrival":0},{"nb_A":0,"nb_W":0,"nb_implicit_W":0,"nb_dup_A":0,"nb_dup_W":0,"nb_A_prefix":0,"nb_W_prefix":0,"max_A_prefix":0,"avg_A_prefix":0,"max_A_AS":0,"avg_A_AS":0,"nb_orign_change":0,"nb_new_A":0,"nb_new_A_afterW":0,"max_path_len":0,"avg_path_len":0,"max_editdist":0,"avg_editdist":0,"editdist_7":0,"editdist_8":0,"editdist_9":0,"editdist_10":0,"editdist_11":0,"editdist_12":0,"editdist_13":0,"editdist_14":0,"editdist_15":0,"editdist_16":0,"editdist_17":0,"nb_tolonger":0,"nb_toshorter":0,"avg_interarrival":0},{"nb_A":0,"nb_W":0,"nb_implicit_W":0,"nb_dup_A":0,"nb_dup_W":0,"nb_A_prefix":0,"nb_W_prefix":0,"max_A_prefix":0,"avg_A_prefix":0,"max_A_AS":0,"avg_A_AS":0,"nb_orign_change":0,"nb_new_A":0,"nb_new_A_afterW":0,"max_path_len":0,"avg_path_len":0,"max_editdist":0,"avg_editdist":0,"editdist_7":0,"editdist_8":0,"editdist_9":0,"editdist_10":0,"editdist_11":0,"editdist_12":0,"editdist_13":0,"editdist_14":0,"editdist_15":0,"editdist_16":0,"editdist_17":0,"nb_tolonger":0,"nb_toshorter":0,"avg_interarrival":0},{"nb_A":0,"nb_W":0,"nb_implicit_W":0,"nb_dup_A":0,"nb_dup_W":0,"nb_A_prefix":0,"nb_W_prefix":0,"max_A_prefix":0,"avg_A_prefix":0,"max_A_AS":0,"avg_A_AS":0,"nb_orign_change":0,"nb_new_A":0,"nb_new_A_afterW":0,"max_path_len":0,"avg_path_len":0,"max_editdist":0,"avg_editdist":0,"editdist_7":0,"editdist_8":0,"editdist_9":0,"editdist_10":0,"editdist_11":0,"editdist_12":0,"editdist_13":0,"editdist_14":0,"editdist_15":0,"editdist_16":0,"editdist_17":0,"nb_tolonger":0,"nb_toshorter":0,"avg_interarrival":0},{"nb_A":0,"nb_W":0,"nb_implicit_W":0,"nb_dup_A":0,"nb_dup_W":0,"nb_A_prefix":0,"nb_W_prefix":0,"max_A_prefix":0,"avg_A_prefix":0,"max_A_AS":0,"avg_A_AS":0,"nb_orign_change":0,"nb_new_A":0,"nb_new_A_afterW":0,"max_path_len":0,"avg_path_len":0,"max_editdist":0,"avg_editdist":0,"editdist_7":0,"editdist_8":0,"editdist_9":0,"editdist_10":0,"editdist_11":0,"editdist_12":0,"editdist_13":0,"editdist_14":0,"editdist_15":0,"editdist_16":0,"editdist_17":0,"nb_tolonger":0,"nb_toshorter":0,"avg_interarrival":0},{"nb_A":0,"nb_W":0,"nb_implicit_W":0,"nb_dup_A":0,"nb_dup_W":0,"nb_A_prefix":0,"nb_W_prefix":0,"max_A_prefix":0,"avg_A_prefix":0,"max_A_AS":0,"avg_A_AS":0,"nb_orign_change":0,"nb_new_A":0,"nb_new_A_afterW":0,"max_path_len":0,"avg_path_len":0,"max_editdist":0,"avg_editdist":0,"editdist_7":0,"editdist_8":0,"editdist_9":0,"editdist_10":0,"editdist_11":0,"editdist_12":0,"editdist_13":0,"editdist_14":0,"editdist_15":0,"editdist_16":0,"editdist_17":0,"nb_tolonger":0,"nb_toshorter":0,"avg_interarrival":0},{"nb_A":0,"nb_W":0,"nb_implicit_W":0,"nb_dup_A":0,"nb_dup_W":0,"nb_A_prefix":0,"nb_W_prefix":0,"max_A_prefix":0,"avg_A_prefix":0,"max_A_AS":0,"avg_A_AS":0,"nb_orign_change":0,"nb_new_A":0,"nb_new_A_afterW":0,"max_path_len":0,"avg_path_len":0,"max_editdist":0,"avg_editdist":0,"editdist_7":0,"editdist_8":0,"editdist_9":0,"editdist_10":0,"editdist_11":0,"editdist_12":0,"editdist_13":0,"editdist_14":0,"editdist_15":0,"editdist_16":0,"editdist_17":0,"nb_tolonger":0,"nb_toshorter":0,"avg_interarrival":0},{"nb_A":0,"nb_W":0,"nb_implicit_W":0,"nb_dup_A":0,"nb_dup_W":0,"nb_A_prefix":0,"nb_W_prefix":0,"max_A_prefix":0,"avg_A_prefix":0,"max_A_AS":0,"avg_A_AS":0,"nb_orign_change":0,"nb_new_A":0,"nb_new_A_afterW":0,"max_path_len":0,"avg_path_len":0,"max_editdist":0,"avg_editdist":0,"editdist_7":0,"editdist_8":0,"editdist_9":0,"editdist_10":0,"editdist_11":0,"editdist_12":0,"editdist_13":0,"editdist_14":0,"editdist_15":0,"editdist_16":0,"editdist_17":0,"nb_tolonger":0,"nb_toshorter":0,"avg_interarrival":0},{"nb_A":0,"nb_W":0,"nb_implicit_W":0,"nb_dup_A":0,"nb_dup_W":0,"nb_A_prefix":0,"nb_W_prefix":0,"max_A_prefix":0,"avg_A_prefix":0,"max_A_AS":0,"avg_A_AS":0,"nb_orign_change":0,"nb_new_A":0,"nb_new_A_afterW":0,"max_path_len":0,"avg_path_len":0,"max_editdist":0,"avg_editdist":0,"editdist_7":0,"editdist_8":0,"editdist_9":0,"editdist_10":0,"editdist_11":0,"editdist_12":0,"editdist_13":0,"editdist_14":0,"editdist_15":0,"editdist_16":0,"editdist_17":0,"nb_tolonger":0,"nb_toshorter":0,"avg_interarrival":0},{"nb_A":0,"nb_W":0,"nb_implicit_W":0,"nb_dup_A":0,"nb_dup_W":0,"nb_A_prefix":0,"nb_W_prefix":0,"max_A_prefix":0,"avg_A_prefix":0,"max_A_AS":0,"avg_A_AS":0,"nb_orign_change":0,"nb_new_A":0,"nb_new_A_afterW":0,"max_path_len":0,"avg_path_len":0,"max_editdist":0,"avg_editdist":0,"editdist_7":0,"editdist_8":0,"editdist_9":0,"editdist_10":0,"editdist_11":0,"editdist_12":0,"editdist_13":0,"editdist_14":0,"editdist_15":0,"editdist_16":0,"editdist_17":0,"nb_tolonger":0,"nb_toshorter":0,"avg_interarrival":0},{"nb_A":0,"nb_W":0,"nb_implicit_W":0,"nb_dup_A":0,"nb_dup_W":0,"nb_A_prefix":0,"nb_W_prefix":0,"max_A_prefix":0,"avg_A_prefix":0,"max_A_AS":0,"avg_A_AS":0,"nb_orign_change":0,"nb_new_A":0,"nb_new_A_afterW":0,"max_path_len":0,"avg_path_len":0,"max_editdist":0,"avg_editdist":0,"editdist_7":0,"editdist_8":0,"editdist_9":0,"editdist_10":0,"editdist_11":0,"editdist_12":0,"editdist_13":0,"editdist_14":0,"editdist_15":0,"editdist_16":0,"editdist_17":0,"nb_tolonger":0,"nb_toshorter":0,"avg_interarrival":0},{"nb_A":0,"nb_W":0,"nb_implicit_W":0,"nb_dup_A":0,"nb_dup_W":0,"nb_A_prefix":0,"nb_W_prefix":0,"max_A_prefix":0,"avg_A_prefix":0,"max_A_AS":0,"avg_A_AS":0,"nb_orign_change":0,"nb_new_A":0,"nb_new_A_afterW":0,"max_path_len":0,"avg_path_len":0,"max_editdist":0,"avg_editdist":0,"editdist_7":0,"editdist_8":0,"editdist_9":0,"editdist_10":0,"editdist_11":0,"editdist_12":0,"editdist_13":0,"editdist_14":0,"editdist_15":0,"editdist_16":0,"editdist_17":0,"nb_tolonger":0,"nb_toshorter":0,"avg_interarrival":0},{"nb_A":0,"nb_W":0,"nb_implicit_W":0,"nb_dup_A":0,"nb_dup_W":0,"nb_A_prefix":0,"nb_W_prefix":0,"max_A_prefix":0,"avg_A_prefix":0,"max_A_AS":0,"avg_A_AS":0,"nb_orign_change":0,"nb_new_A":0,"nb_new_A_afterW":0,"max_path_len":0,"avg_path_len":0,"max_editdist":0,"avg_editdist":0,"editdist_7":0,"editdist_8":0,"editdist_9":0,"editdist_10":0,"editdist_11":0,"editdist_12":0,"editdist_13":0,"editdist_14":0,"editdist_15":0,"editdist_16":0,"editdist_17":0,"nb_tolonger":0,"nb_toshorter":0,"avg_interarrival":0},{"nb_A":0,"nb_W":0,"nb_implicit_W":0,"nb_dup_A":0,"nb_dup_W":0,"nb_A_prefix":0,"nb_W_prefix":0,"max_A_prefix":0,"avg_A_prefix":0,"max_A_AS":0,"avg_A_AS":0,"nb_orign_change":0,"nb_new_A":0,"nb_new_A_afterW":0,"max_path_len":0,"avg_path_len":0,"max_editdist":0,"avg_editdist":0,"editdist_7":0,"editdist_8":0,"editdist_9":0,"editdist_10":0,"editdist_11":0,"editdist_12":0,"editdist_13":0,"editdist_14":0,"editdist_15":0,"editdist_16":0,"editdist_17":0,"nb_tolonger":0,"nb_toshorter":0,"avg_interarrival":0},{"nb_A":0,"nb_W":0,"nb_implicit_W":0,"nb_dup_A":0,"nb_dup_W":0,"nb_A_prefix":0,"nb_W_prefix":0,"max_A_prefix":0,"avg_A_prefix":0,"max_A_AS":0,"avg_A_AS":0,"nb_orign_change":0,"nb_new_A":0,"nb_new_A_afterW":0,"max_path_len":0,"avg_path_len":0,"max_editdist":0,"avg_editdist":0,"editdist_7":0,"editdist_8":0,"editdist_9":0,"editdist_10":0,"editdist_11":0,"editdist_12":0,"editdist_13":0,"editdist_14":0,"editdist_15":0,"editdist_16":0,"editdist_17":0,"nb_tolonger":0,"nb_toshorter":0,"avg_interarrival":0},{"nb_A":0,"nb_W":0,"nb_implicit_W":0,"nb_dup_A":0,"nb_dup_W":0,"nb_A_prefix":0,"nb_W_prefix":0,"max_A_prefix":0,"avg_A_prefix":0,"max_A_AS":0,"avg_A_AS":0,"nb_orign_change":0,"nb_new_A":0,"nb_new_A_afterW":0,"max_path_len":0,"avg_path_len":0,"max_editdist":0,"avg_editdist":0,"editdist_7":0,"editdist_8":0,"editdist_9":0,"editdist_10":0,"editdist_11":0,"editdist_12":0,"editdist_13":0,"editdist_14":0,"editdist_15":0,"editdist_16":0,"editdist_17":0,"nb_tolonger":0,"nb_toshorter":0,"avg_interarrival":0},{"nb_A":0,"nb_W":0,"nb_implicit_W":0,"nb_dup_A":0,"nb_dup_W":0,"nb_A_prefix":0,"nb_W_prefix":0,"max_A_prefix":0,"avg_A_prefix":0,"max_A_AS":0,"avg_A_AS":0,"nb_orign_change":0,"nb_new_A":0,"nb_new_A_afterW":0,"max_path_len":0,"avg_path_len":0,"max_editdist":0,"avg_editdist":0,"editdist_7":0,"editdist_8":0,"editdist_9":0,"editdist_10":0,"editdist_11":0,"editdist_12":0,"editdist_13":0,"editdist_14":0,"editdist_15":0,"editdist_16":0,"editdist_17":0,"nb_tolonger":0,"nb_toshorter":0,"avg_interarrival":0},{"nb_A":0,"nb_W":0,"nb_implicit_W":0,"nb_dup_A":0,"nb_dup_W":0,"nb_A_prefix":0,"nb_W_prefix":0,"max_A_prefix":0,"avg_A_prefix":0,"max_A_AS":0,"avg_A_AS":0,"nb_orign_change":0,"nb_new_A":0,"nb_new_A_afterW":0,"max_path_len":0,"avg_path_len":0,"max_editdist":0,"avg_editdist":0,"editdist_7":0,"editdist_8":0,"editdist_9":0,"editdist_10":0,"editdist_11":0,"editdist_12":0,"editdist_13":0,"editdist_14":0,"editdist_15":0,"editdist_16":0,"editdist_17":0,"nb_tolonger":0,"nb_toshorter":0,"avg_interarrival":0},{"nb_A":0,"nb_W":0,"nb_implicit_W":0,"nb_dup_A":0,"nb_dup_W":0,"nb_A_prefix":0,"nb_W_prefix":0,"max_A_prefix":0,"avg_A_prefix":0,"max_A_AS":0,"avg_A_AS":0,"nb_orign_change":0,"nb_new_A":0,"nb_new_A_afterW":0,"max_path_len":0,"avg_path_len":0,"max_editdist":0,"avg_editdist":0,"editdist_7":0,"editdist_8":0,"editdist_9":0,"editdist_10":0,"editdist_11":0,"editdist_12":0,"editdist_13":0,"editdist_14":0,"editdist_15":0,"editdist_16":0,"editdist_17":0,"nb_tolonger":0,"nb_toshorter":0,"avg_interarrival":0},{"nb_A":0,"nb_W":0,"nb_implicit_W":0,"nb_dup_A":0,"nb_dup_W":0,"nb_A_prefix":0,"nb_W_prefix":0,"max_A_prefix":0,"avg_A_prefix":0,"max_A_AS":0,"avg_A_AS":0,"nb_orign_change":0,"nb_new_A":0,"nb_new_A_afterW":0,"max_path_len":0,"avg_path_len":0,"max_editdist":0,"avg_editdist":0,"editdist_7":0,"editdist_8":0,"editdist_9":0,"editdist_10":0,"editdist_11":0,"editdist_12":0,"editdist_13":0,"editdist_14":0,"editdist_15":0,"editdist_16":0,"editdist_17":0,"nb_tolonger":0,"nb_toshorter":0,"avg_interarrival":0},{"nb_A":0,"nb_W":0,"nb_implicit_W":0,"nb_dup_A":0,"nb_dup_W":0,"nb_A_prefix":0,"nb_W_prefix":0,"max_A_prefix":0,"avg_A_prefix":0,"max_A_AS":0,"avg_A_AS":0,"nb_orign_change":0,"nb_new_A":0,"nb_new_A_afterW":0,"max_path_len":0,"avg_path_len":0,"max_editdist":0,"avg_editdist":0,"editdist_7":0,"editdist_8":0,"editdist_9":0,"editdist_10":0,"editdist_11":0,"editdist_12":0,"editdist_13":0,"editdist_14":0,"editdist_15":0,"editdist_16":0,"editdist_17":0,"nb_tolonger":0,"nb_toshorter":0,"avg_interarrival":0},{"nb_A":0,"nb_W":0,"nb_implicit_W":0,"nb_dup_A":0,"nb_dup_W":0,"nb_A_prefix":0,"nb_W_prefix":0,"max_A_prefix":0,"avg_A_prefix":0,"max_A_AS":0,"avg_A_AS":0,"nb_orign_change":0,"nb_new_A":0,"nb_new_A_afterW":0,"max_path_len":0,"avg_path_len":0,"max_editdist":0,"avg_editdist":0,"editdist_7":0,"editdist_8":0,"editdist_9":0,"editdist_10":0,"editdist_11":0,"editdist_12":0,"editdist_13":0,"editdist_14":0,"editdist_15":0,"editdist_16":0,"editdist_17":0,"nb_tolonger":0,"nb_toshorter":0,"avg_interarrival":0},{"nb_A":0,"nb_W":0,"nb_implicit_W":0,"nb_dup_A":0,"nb_dup_W":0,"nb_A_prefix":0,"nb_W_prefix":0,"max_A_prefix":0,"avg_A_prefix":0,"max_A_AS":0,"avg_A_AS":0,"nb_orign_change":0,"nb_new_A":0,"nb_new_A_afterW":0,"max_path_len":0,"avg_path_len":0,"max_editdist":0,"avg_editdist":0,"editdist_7":0,"editdist_8":0,"editdist_9":0,"editdist_10":0,"editdist_11":0,"editdist_12":0,"editdist_13":0,"editdist_14":0,"editdist_15":0,"editdist_16":0,"editdist_17":0,"nb_tolonger":0,"nb_toshorter":0,"avg_interarrival":0},{"nb_A":0,"nb_W":0,"nb_implicit_W":0,"nb_dup_A":0,"nb_dup_W":0,"nb_A_prefix":0,"nb_W_prefix":0,"max_A_prefix":0,"avg_A_prefix":0,"max_A_AS":0,"avg_A_AS":0,"nb_orign_change":0,"nb_new_A":0,"nb_new_A_afterW":0,"max_path_len":0,"avg_path_len":0,"max_editdist":0,"avg_editdist":0,"editdist_7":0,"editdist_8":0,"editdist_9":0,"editdist_10":0,"editdist_11":0,"editdist_12":0,"editdist_13":0,"editdist_14":0,"editdist_15":0,"editdist_16":0,"editdist_17":0,"nb_tolonger":0,"nb_toshorter":0,"avg_interarrival":0},{"nb_A":0,"nb_W":0,"nb_implicit_W":0,"nb_dup_A":0,"nb_dup_W":0,"nb_A_prefix":0,"nb_W_prefix":0,"max_A_prefix":0,"avg_A_prefix":0,"max_A_AS":0,"avg_A_AS":0,"nb_orign_change":0,"nb_new_A":0,"nb_new_A_afterW":0,"max_path_len":0,"avg_path_len":0,"max_editdist":0,"avg_editdist":0,"editdist_7":0,"editdist_8":0,"editdist_9":0,"editdist_10":0,"editdist_11":0,"editdist_12":0,"editdist_13":0,"editdist_14":0,"editdist_15":0,"editdist_16":0,"editdist_17":0,"nb_tolonger":0,"nb_toshorter":0,"avg_interarrival":0},{"nb_A":0,"nb_W":0,"nb_implicit_W":0,"nb_dup_A":0,"nb_dup_W":0,"nb_A_prefix":0,"nb_W_prefix":0,"max_A_prefix":0,"avg_A_prefix":0,"max_A_AS":0,"avg_A_AS":0,"nb_orign_change":0,"nb_new_A":0,"nb_new_A_afterW":0,"max_path_len":0,"avg_path_len":0,"max_editdist":0,"avg_editdist":0,"editdist_7":0,"editdist_8":0,"editdist_9":0,"editdist_10":0,"editdist_11":0,"editdist_12":0,"editdist_13":0,"editdist_14":0,"editdist_15":0,"editdist_16":0,"editdist_17":0,"nb_tolonger":0,"nb_toshorter":0,"avg_interarrival":0},{"nb_A":0,"nb_W":0,"nb_implicit_W":0,"nb_dup_A":0,"nb_dup_W":0,"nb_A_prefix":0,"nb_W_prefix":0,"max_A_prefix":0,"avg_A_prefix":0,"max_A_AS":0,"avg_A_AS":0,"nb_orign_change":0,"nb_new_A":0,"nb_new_A_afterW":0,"max_path_len":0,"avg_path_len":0,"max_editdist":0,"avg_editdist":0,"editdist_7":0,"editdist_8":0,"editdist_9":0,"editdist_10":0,"editdist_11":0,"editdist_12":0,"editdist_13":0,"editdist_14":0,"editdist_15":0,"editdist_16":0,"editdist_17":0,"nb_tolonger":0,"nb_toshorter":0,"avg_interarrival":0},{"nb_A":0,"nb_W":0,"nb_implicit_W":0,"nb_dup_A":0,"nb_dup_W":0,"nb_A_prefix":0,"nb_W_prefix":0,"max_A_prefix":0,"avg_A_prefix":0,"max_A_AS":0,"avg_A_AS":0,"nb_orign_change":0,"nb_new_A":0,"nb_new_A_afterW":0,"max_path_len":0,"avg_path_len":0,"max_editdist":0,"avg_editdist":0,"editdist_7":0,"editdist_8":0,"editdist_9":0,"editdist_10":0,"editdist_11":0,"editdist_12":0,"editdist_13":0,"editdist_14":0,"editdist_15":0,"editdist_16":0,"editdist_17":0,"nb_tolonger":0,"nb_toshorter":0,"avg_interarrival":0},{"nb_A":0,"nb_W":0,"nb_implicit_W":0,"nb_dup_A":0,"nb_dup_W":0,"nb_A_prefix":0,"nb_W_prefix":0,"max_A_prefix":0,"avg_A_prefix":0,"max_A_AS":0,"avg_A_AS":0,"nb_orign_change":0,"nb_new_A":0,"nb_new_A_afterW":0,"max_path_len":0,"avg_path_len":0,"max_editdist":0,"avg_editdist":0,"editdist_7":0,"editdist_8":0,"editdist_9":0,"editdist_10":0,"editdist_11":0,"editdist_12":0,"editdist_13":0,"editdist_14":0,"editdist_15":0,"editdist_16":0,"editdist_17":0,"nb_tolonger":0,"nb_toshorter":0,"avg_interarrival":0},{"nb_A":0,"nb_W":0,"nb_implicit_W":0,"nb_dup_A":0,"nb_dup_W":0,"nb_A_prefix":0,"nb_W_prefix":0,"max_A_prefix":0,"avg_A_prefix":0,"max_A_AS":0,"avg_A_AS":0,"nb_orign_change":0,"nb_new_A":0,"nb_new_A_afterW":0,"max_path_len":0,"avg_path_len":0,"max_editdist":0,"avg_editdist":0,"editdist_7":0,"editdist_8":0,"editdist_9":0,"editdist_10":0,"editdist_11":0,"editdist_12":0,"editdist_13":0,"editdist_14":0,"editdist_15":0,"editdist_16":0,"editdist_17":0,"nb_tolonger":0,"nb_toshorter":0,"avg_interarrival":0},{"nb_A":0,"nb_W":0,"nb_implicit_W":0,"nb_dup_A":0,"nb_dup_W":0,"nb_A_prefix":0,"nb_W_prefix":0,"max_A_prefix":0,"avg_A_prefix":0,"max_A_AS":0,"avg_A_AS":0,"nb_orign_change":0,"nb_new_A":0,"nb_new_A_afterW":0,"max_path_len":0,"avg_path_len":0,"max_editdist":0,"avg_editdist":0,"editdist_7":0,"editdist_8":0,"editdist_9":0,"editdist_10":0,"editdist_11":0,"editdist_12":0,"editdist_13":0,"editdist_14":0,"editdist_15":0,"editdist_16":0,"editdist_17":0,"nb_tolonger":0,"nb_toshorter":0,"avg_interarrival":0},{"nb_A":0,"nb_W":0,"nb_implicit_W":0,"nb_dup_A":0,"nb_dup_W":0,"nb_A_prefix":0,"nb_W_prefix":0,"max_A_prefix":0,"avg_A_prefix":0,"max_A_AS":0,"avg_A_AS":0,"nb_orign_change":0,"nb_new_A":0,"nb_new_A_afterW":0,"max_path_len":0,"avg_path_len":0,"max_editdist":0,"avg_editdist":0,"editdist_7":0,"editdist_8":0,"editdist_9":0,"editdist_10":0,"editdist_11":0,"editdist_12":0,"editdist_13":0,"editdist_14":0,"editdist_15":0,"editdist_16":0,"editdist_17":0,"nb_tolonger":0,"nb_toshorter":0,"avg_interarrival":0},{"nb_A":0,"nb_W":0,"nb_implicit_W":0,"nb_dup_A":0,"nb_dup_W":0,"nb_A_prefix":0,"nb_W_prefix":0,"max_A_prefix":0,"avg_A_prefix":0,"max_A_AS":0,"avg_A_AS":0,"nb_orign_change":0,"nb_new_A":0,"nb_new_A_afterW":0,"max_path_len":0,"avg_path_len":0,"max_editdist":0,"avg_editdist":0,"editdist_7":0,"editdist_8":0,"editdist_9":0,"editdist_10":0,"editdist_11":0,"editdist_12":0,"editdist_13":0,"editdist_14":0,"editdist_15":0,"editdist_16":0,"editdist_17":0,"nb_tolonger":0,"nb_toshorter":0,"avg_interarrival":0},{"nb_A":0,"nb_W":0,"nb_implicit_W":0,"nb_dup_A":0,"nb_dup_W":0,"nb_A_prefix":0,"nb_W_prefix":0,"max_A_prefix":0,"avg_A_prefix":0,"max_A_AS":0,"avg_A_AS":0,"nb_orign_change":0,"nb_new_A":0,"nb_new_A_afterW":0,"max_path_len":0,"avg_path_len":0,"max_editdist":0,"avg_editdist":0,"editdist_7":0,"editdist_8":0,"editdist_9":0,"editdist_10":0,"editdist_11":0,"editdist_12":0,"editdist_13":0,"editdist_14":0,"editdist_15":0,"editdist_16":0,"editdist_17":0,"nb_tolonger":0,"nb_toshorter":0,"avg_interarrival":0},{"nb_A":0,"nb_W":0,"nb_implicit_W":0,"nb_dup_A":0,"nb_dup_W":0,"nb_A_prefix":0,"nb_W_prefix":0,"max_A_prefix":0,"avg_A_prefix":0,"max_A_AS":0,"avg_A_AS":0,"nb_orign_change":0,"nb_new_A":0,"nb_new_A_afterW":0,"max_path_len":0,"avg_path_len":0,"max_editdist":0,"avg_editdist":0,"editdist_7":0,"editdist_8":0,"editdist_9":0,"editdist_10":0,"editdist_11":0,"editdist_12":0,"editdist_13":0,"editdist_14":0,"editdist_15":0,"editdist_16":0,"editdist_17":0,"nb_tolonger":0,"nb_toshorter":0,"avg_interarrival":0},{"nb_A":0,"nb_W":0,"nb_implicit_W":0,"nb_dup_A":0,"nb_dup_W":0,"nb_A_prefix":0,"nb_W_prefix":0,"max_A_prefix":0,"avg_A_prefix":0,"max_A_AS":0,"avg_A_AS":0,"nb_orign_change":0,"nb_new_A":0,"nb_new_A_afterW":0,"max_path_len":0,"avg_path_len":0,"max_editdist":0,"avg_editdist":0,"editdist_7":0,"editdist_8":0,"editdist_9":0,"editdist_10":0,"editdist_11":0,"editdist_12":0,"editdist_13":0,"editdist_14":0,"editdist_15":0,"editdist_16":0,"editdist_17":0,"nb_tolonger":0,"nb_toshorter":0,"avg_interarrival":0},{"nb_A":469,"nb_W":0,"nb_implicit_W":266,"nb_dup_A":191,"nb_dup_W":0,"nb_A_prefix":5,"nb_W_prefix":0,"max_A_prefix":98,"avg_A_prefix":94,"max_A_AS":0,"avg_A_AS":0,"nb_orign_change":0,"nb_new_A":12,"nb_new_A_afterW":0,"max_path_len":14,"avg_path_len":10,"max_editdist":4,"avg_editdist":2,"editdist_7":0,"editdist_8":0,"editdist_9":0,"editdist_10":0,"editdist_11":0,"editdist_12":0,"editdist_13":0,"editdist_14":0,"editdist_15":0,"editdist_16":0,"editdist_17":0,"nb_tolonger":89,"nb_toshorter":177,"avg_interarrival":1351},{"nb_A":5,"nb_W":0,"nb_implicit_W":5,"nb_dup_A":0,"nb_dup_W":0,"nb_A_prefix":5,"nb_W_prefix":0,"max_A_prefix":1,"avg_A_prefix":1,"max_A_AS":0,"avg_A_AS":0,"nb_orign_change":0,"nb_new_A":0,"nb_new_A_afterW":0,"max_path_len":10,"avg_path_len":10,"max_editdist":3,"avg_editdist":3,"editdist_7":0,"editdist_8":0,"editdist_9":0,"editdist_10":0,"editdist_11":0,"editdist_12":0,"editdist_13":0,"editdist_14":0,"editdist_15":0,"editdist_16":0,"editdist_17":0,"nb_tolonger":0,"nb_toshorter":5,"avg_interarrival":0},{"nb_A":0,"nb_W":0,"nb_implicit_W":0,"nb_dup_A":0,"nb_dup_W":0,"nb_A_prefix":0,"nb_W_prefix":0,"max_A_prefix":0,"avg_A_prefix":0,"max_A_AS":0,"avg_A_AS":0,"nb_orign_change":0,"nb_new_A":0,"nb_new_A_afterW":0,"max_path_len":0,"avg_path_len":0,"max_editdist":0,"avg_editdist":0,"editdist_7":0,"editdist_8":0,"editdist_9":0,"editdist_10":0,"editdist_11":0,"editdist_12":0,"editdist_13":0,"editdist_14":0,"editdist_15":0,"editdist_16":0,"editdist_17":0,"nb_tolonger":0,"nb_toshorter":0,"avg_interarrival":0},{"nb_A":11,"nb_W":0,"nb_implicit_W":0,"nb_dup_A":4,"nb_dup_W":0,"nb_A_prefix":11,"nb_W_prefix":0,"max_A_prefix":1,"avg_A_prefix":1,"max_A_AS":7,"avg_A_AS":6,"nb_orign_change":0,"nb_new_A":7,"nb_new_A_afterW":0,"max_path_len":10,"avg_path_len":9,"max_editdist":0,"avg_editdist":0,"editdist_7":0,"editdist_8":0,"editdist_9":0,"editdist_10":0,"editdist_11":0,"editdist_12":0,"editdist_13":0,"editdist_14":0,"editdist_15":0,"editdist_16":0,"editdist_17":0,"nb_tolonger":0,"nb_toshorter":0,"avg_interarrival":0},{"nb_A":0,"nb_W":0,"nb_implicit_W":0,"nb_dup_A":0,"nb_dup_W":0,"nb_A_prefix":0,"nb_W_prefix":0,"max_A_prefix":0,"avg_A_prefix":0,"max_A_AS":0,"avg_A_AS":0,"nb_orign_change":0,"nb_new_A":0,"nb_new_A_afterW":0,"max_path_len":0,"avg_path_len":0,"max_editdist":0,"avg_editdist":0,"editdist_7":0,"editdist_8":0,"editdist_9":0,"editdist_10":0,"editdist_11":0,"editdist_12":0,"editdist_13":0,"editdist_14":0,"editdist_15":0,"editdist_16":0,"editdist_17":0,"nb_tolonger":0,"nb_toshorter":0,"avg_interarrival":0},{"nb_A":0,"nb_W":0,"nb_implicit_W":0,"nb_dup_A":0,"nb_dup_W":0,"nb_A_prefix":0,"nb_W_prefix":0,"max_A_prefix":0,"avg_A_prefix":0,"max_A_AS":0,"avg_A_AS":0,"nb_orign_change":0,"nb_new_A":0,"nb_new_A_afterW":0,"max_path_len":0,"avg_path_len":0,"max_editdist":0,"avg_editdist":0,"editdist_7":0,"editdist_8":0,"editdist_9":0,"editdist_10":0,"editdist_11":0,"editdist_12":0,"editdist_13":0,"editdist_14":0,"editdist_15":0,"editdist_16":0,"editdist_17":0,"nb_tolonger":0,"nb_toshorter":0,"avg_interarrival":0},{"nb_A":0,"nb_W":0,"nb_implicit_W":0,"nb_dup_A":0,"nb_dup_W":0,"nb_A_prefix":0,"nb_W_prefix":0,"max_A_prefix":0,"avg_A_prefix":0,"max_A_AS":0,"avg_A_AS":0,"nb_orign_change":0,"nb_new_A":0,"nb_new_A_afterW":0,"max_path_len":0,"avg_path_len":0,"max_editdist":0,"avg_editdist":0,"editdist_7":0,"editdist_8":0,"editdist_9":0,"editdist_10":0,"editdist_11":0,"editdist_12":0,"editdist_13":0,"editdist_14":0,"editdist_15":0,"editdist_16":0,"editdist_17":0,"nb_tolonger":0,"nb_toshorter":0,"avg_interarrival":0},{"nb_A":5,"nb_W":0,"nb_implicit_W":4,"nb_dup_A":1,"nb_dup_W":0,"nb_A_prefix":4,"nb_W_prefix":0,"max_A_prefix":2,"avg_A_prefix":1,"max_A_AS":0,"avg_A_AS":0,"nb_orign_change":0,"nb_new_A":0,"nb_new_A_afterW":0,"max_path_len":10,"avg_path_len":10,"max_editdist":1,"avg_editdist":1,"editdist_7":0,"editdist_8":0,"editdist_9":0,"editdist_10":0,"editdist_11":0,"editdist_12":0,"editdist_13":0,"editdist_14":0,"editdist_15":0,"editdist_16":0,"editdist_17":0,"nb_tolonger":0,"nb_toshorter":4,"avg_interarrival":0},{"nb_A":2,"nb_W":0,"nb_implicit_W":1,"nb_dup_A":1,"nb_dup_W":0,"nb_A_prefix":1,"nb_W_prefix":0,"max_A_prefix":0,"avg_A_prefix":0,"max_A_AS":0,"avg_A_AS":0,"nb_orign_change":0,"nb_new_A":0,"nb_new_A_afterW":0,"max_path_len":9,"avg_path_len":9,"max_editdist":0,"avg_editdist":0,"editdist_7":0,"editdist_8":0,"editdist_9":0,"editdist_10":0,"editdist_11":0,"editdist_12":0,"editdist_13":0,"editdist_14":0,"editdist_15":0,"editdist_16":0,"editdist_17":0,"nb_tolonger":0,"nb_toshorter":1,"avg_interarrival":0},{"nb_A":4,"nb_W":0,"nb_implicit_W":0,"nb_dup_A":4,"nb_dup_W":0,"nb_A_prefix":4,"nb_W_prefix":0,"max_A_prefix":1,"avg_A_prefix":1,"max_A_AS":0,"avg_A_AS":0,"nb_orign_change":0,"nb_new_A":0,"nb_new_A_afterW":0,"max_path_len":9,"avg_path_len":9,"max_editdist":0,"avg_editdist":0,"editdist_7":0,"editdist_8":0,"editdist_9":0,"editdist_10":0,"editdist_11":0,"editdist_12":0,"editdist_13":0,"editdist_14":0,"editdist_15":0,"editdist_16":0,"editdist_17":0,"nb_tolonger":0,"nb_toshorter":0,"avg_interarrival":0},{"nb_A":0,"nb_W":0,"nb_implicit_W":0,"nb_dup_A":0,"nb_dup_W":0,"nb_A_prefix":0,"nb_W_prefix":0,"max_A_prefix":0,"avg_A_prefix":0,"max_A_AS":0,"avg_A_AS":0,"nb_orign_change":0,"nb_new_A":0,"nb_new_A_afterW":0,"max_path_len":0,"avg_path_len":0,"max_editdist":0,"avg_editdist":0,"editdist_7":0,"editdist_8":0,"editdist_9":0,"editdist_10":0,"editdist_11":0,"editdist_12":0,"editdist_13":0,"editdist_14":0,"editdist_15":0,"editdist_16":0,"editdist_17":0,"nb_tolonger":0,"nb_toshorter":0,"avg_interarrival":0},{"nb_A":0,"nb_W":0,"nb_implicit_W":0,"nb_dup_A":0,"nb_dup_W":0,"nb_A_prefix":0,"nb_W_prefix":0,"max_A_prefix":0,"avg_A_prefix":0,"max_A_AS":0,"avg_A_AS":0,"nb_orign_change":0,"nb_new_A":0,"nb_new_A_afterW":0,"max_path_len":0,"avg_path_len":0,"max_editdist":0,"avg_editdist":0,"editdist_7":0,"editdist_8":0,"editdist_9":0,"editdist_10":0,"editdist_11":0,"editdist_12":0,"editdist_13":0,"editdist_14":0,"editdist_15":0,"editdist_16":0,"editdist_17":0,"nb_tolonger":0,"nb_toshorter":0,"avg_interarrival":0},{"nb_A":0,"nb_W":0,"nb_implicit_W":0,"nb_dup_A":0,"nb_dup_W":0,"nb_A_prefix":0,"nb_W_prefix":0,"max_A_prefix":0,"avg_A_prefix":0,"max_A_AS":0,"avg_A_AS":0,"nb_orign_change":0,"nb_new_A":0,"nb_new_A_afterW":0,"max_path_len":0,"avg_path_len":0,"max_editdist":0,"avg_editdist":0,"editdist_7":0,"editdist_8":0,"editdist_9":0,"editdist_10":0,"editdist_11":0,"editdist_12":0,"editdist_13":0,"editdist_14":0,"editdist_15":0,"editdist_16":0,"editdist_17":0,"nb_tolonger":0,"nb_toshorter":0,"avg_interarrival":0},{"nb_A":0,"nb_W":0,"nb_implicit_W":0,"nb_dup_A":0,"nb_dup_W":0,"nb_A_prefix":0,"nb_W_prefix":0,"max_A_prefix":0,"avg_A_prefix":0,"max_A_AS":0,"avg_A_AS":0,"nb_orign_change":0,"nb_new_A":0,"nb_new_A_afterW":0,"max_path_len":0,"avg_path_len":0,"max_editdist":0,"avg_editdist":0,"editdist_7":0,"editdist_8":0,"editdist_9":0,"editdist_10":0,"editdist_11":0,"editdist_12":0,"editdist_13":0,"editdist_14":0,"editdist_15":0,"editdist_16":0,"editdist_17":0,"nb_tolonger":0,"nb_toshorter":0,"avg_interarrival":0},{"nb_A":0,"nb_W":0,"nb_implicit_W":0,"nb_dup_A":0,"nb_dup_W":0,"nb_A_prefix":0,"nb_W_prefix":0,"max_A_prefix":0,"avg_A_prefix":0,"max_A_AS":0,"avg_A_AS":0,"nb_orign_change":0,"nb_new_A":0,"nb_new_A_afterW":0,"max_path_len":0,"avg_path_len":0,"max_editdist":0,"avg_editdist":0,"editdist_7":0,"editdist_8":0,"editdist_9":0,"editdist_10":0,"editdist_11":0,"editdist_12":0,"editdist_13":0,"editdist_14":0,"editdist_15":0,"editdist_16":0,"editdist_17":0,"nb_tolonger":0,"nb_toshorter":0,"avg_interarrival":0},{"nb_A":0,"nb_W":0,"nb_implicit_W":0,"nb_dup_A":0,"nb_dup_W":0,"nb_A_prefix":0,"nb_W_prefix":0,"max_A_prefix":0,"avg_A_prefix":0,"max_A_AS":0,"avg_A_AS":0,"nb_orign_change":0,"nb_new_A":0,"nb_new_A_afterW":0,"max_path_len":0,"avg_path_len":0,"max_editdist":0,"avg_editdist":0,"editdist_7":0,"editdist_8":0,"editdist_9":0,"editdist_10":0,"editdist_11":0,"editdist_12":0,"editdist_13":0,"editdist_14":0,"editdist_15":0,"editdist_16":0,"editdist_17":0,"nb_tolonger":0,"nb_toshorter":0,"avg_interarrival":0},{"nb_A":2,"nb_W":0,"nb_implicit_W":0,"nb_dup_A":2,"nb_dup_W":0,"nb_A_prefix":2,"nb_W_prefix":0,"max_A_prefix":1,"avg_A_prefix":1,"max_A_AS":0,"avg_A_AS":0,"nb_orign_change":0,"nb_new_A":0,"nb_new_A_afterW":0,"max_path_len":10,"avg_path_len":10,"max_editdist":0,"avg_editdist":0,"editdist_7":0,"editdist_8":0,"editdist_9":0,"editdist_10":0,"editdist_11":0,"editdist_12":0,"editdist_13":0,"editdist_14":0,"editdist_15":0,"editdist_16":0,"editdist_17":0,"nb_tolonger":0,"nb_toshorter":0,"avg_interarrival":0},{"nb_A":0,"nb_W":0,"nb_implicit_W":0,"nb_dup_A":0,"nb_dup_W":0,"nb_A_prefix":0,"nb_W_prefix":0,"max_A_prefix":0,"avg_A_prefix":0,"max_A_AS":0,"avg_A_AS":0,"nb_orign_change":0,"nb_new_A":0,"nb_new_A_afterW":0,"max_path_len":0,"avg_path_len":0,"max_editdist":0,"avg_editdist":0,"editdist_7":0,"editdist_8":0,"editdist_9":0,"editdist_10":0,"editdist_11":0,"editdist_12":0,"editdist_13":0,"editdist_14":0,"editdist_15":0,"editdist_16":0,"editdist_17":0,"nb_tolonger":0,"nb_toshorter":0,"avg_interarrival":0},{"nb_A":0,"nb_W":0,"nb_implicit_W":0,"nb_dup_A":0,"nb_dup_W":0,"nb_A_prefix":0,"nb_W_prefix":0,"max_A_prefix":0,"avg_A_prefix":0,"max_A_AS":0,"avg_A_AS":0,"nb_orign_change":0,"nb_new_A":0,"nb_new_A_afterW":0,"max_path_len":0,"avg_path_len":0,"max_editdist":0,"avg_editdist":0,"editdist_7":0,"editdist_8":0,"editdist_9":0,"editdist_10":0,"editdist_11":0,"editdist_12":0,"editdist_13":0,"editdist_14":0,"editdist_15":0,"editdist_16":0,"editdist_17":0,"nb_tolonger":0,"nb_toshorter":0,"avg_interarrival":0},{"nb_A":0,"nb_W":0,"nb_implicit_W":0,"nb_dup_A":0,"nb_dup_W":0,"nb_A_prefix":0,"nb_W_prefix":0,"max_A_prefix":0,"avg_A_prefix":0,"max_A_AS":0,"avg_A_AS":0,"nb_orign_change":0,"nb_new_A":0,"nb_new_A_afterW":0,"max_path_len":0,"avg_path_len":0,"max_editdist":0,"avg_editdist":0,"editdist_7":0,"editdist_8":0,"editdist_9":0,"editdist_10":0,"editdist_11":0,"editdist_12":0,"editdist_13":0,"editdist_14":0,"editdist_15":0,"editdist_16":0,"editdist_17":0,"nb_tolonger":0,"nb_toshorter":0,"avg_interarrival":0},{"nb_A":0,"nb_W":0,"nb_implicit_W":0,"nb_dup_A":0,"nb_dup_W":0,"nb_A_prefix":0,"nb_W_prefix":0,"max_A_prefix":0,"avg_A_prefix":0,"max_A_AS":0,"avg_A_AS":0,"nb_orign_change":0,"nb_new_A":0,"nb_new_A_afterW":0,"max_path_len":0,"avg_path_len":0,"max_editdist":0,"avg_editdist":0,"editdist_7":0,"editdist_8":0,"editdist_9":0,"editdist_10":0,"editdist_11":0,"editdist_12":0,"editdist_13":0,"editdist_14":0,"editdist_15":0,"editdist_16":0,"editdist_17":0,"nb_tolonger":0,"nb_toshorter":0,"avg_interarrival":0},{"nb_A":0,"nb_W":0,"nb_implicit_W":0,"nb_dup_A":0,"nb_dup_W":0,"nb_A_prefix":0,"nb_W_prefix":0,"max_A_prefix":0,"avg_A_prefix":0,"max_A_AS":0,"avg_A_AS":0,"nb_orign_change":0,"nb_new_A":0,"nb_new_A_afterW":0,"max_path_len":0,"avg_path_len":0,"max_editdist":0,"avg_editdist":0,"editdist_7":0,"editdist_8":0,"editdist_9":0,"editdist_10":0,"editdist_11":0,"editdist_12":0,"editdist_13":0,"editdist_14":0,"editdist_15":0,"editdist_16":0,"editdist_17":0,"nb_tolonger":0,"nb_toshorter":0,"avg_interarrival":0},{"nb_A":0,"nb_W":0,"nb_implicit_W":0,"nb_dup_A":0,"nb_dup_W":0,"nb_A_prefix":0,"nb_W_prefix":0,"max_A_prefix":0,"avg_A_prefix":0,"max_A_AS":0,"avg_A_AS":0,"nb_orign_change":0,"nb_new_A":0,"nb_new_A_afterW":0,"max_path_len":0,"avg_path_len":0,"max_editdist":0,"avg_editdist":0,"editdist_7":0,"editdist_8":0,"editdist_9":0,"editdist_10":0,"editdist_11":0,"editdist_12":0,"editdist_13":0,"editdist_14":0,"editdist_15":0,"editdist_16":0,"editdist_17":0,"nb_tolonger":0,"nb_toshorter":0,"avg_interarrival":0},{"nb_A":0,"nb_W":0,"nb_implicit_W":0,"nb_dup_A":0,"nb_dup_W":0,"nb_A_prefix":0,"nb_W_prefix":0,"max_A_prefix":0,"avg_A_prefix":0,"max_A_AS":0,"avg_A_AS":0,"nb_orign_change":0,"nb_new_A":0,"nb_new_A_afterW":0,"max_path_len":0,"avg_path_len":0,"max_editdist":0,"avg_editdist":0,"editdist_7":0,"editdist_8":0,"editdist_9":0,"editdist_10":0,"editdist_11":0,"editdist_12":0,"editdist_13":0,"editdist_14":0,"editdist_15":0,"editdist_16":0,"editdist_17":0,"nb_tolonger":0,"nb_toshorter":0,"avg_interarrival":0},{"nb_A":0,"nb_W":0,"nb_implicit_W":0,"nb_dup_A":0,"nb_dup_W":0,"nb_A_prefix":0,"nb_W_prefix":0,"max_A_prefix":0,"avg_A_prefix":0,"max_A_AS":0,"avg_A_AS":0,"nb_orign_change":0,"nb_new_A":0,"nb_new_A_afterW":0,"max_path_len":0,"avg_path_len":0,"max_editdist":0,"avg_editdist":0,"editdist_7":0,"editdist_8":0,"editdist_9":0,"editdist_10":0,"editdist_11":0,"editdist_12":0,"editdist_13":0,"editdist_14":0,"editdist_15":0,"editdist_16":0,"editdist_17":0,"nb_tolonger":0,"nb_toshorter":0,"avg_interarrival":0},{"nb_A":0,"nb_W":0,"nb_implicit_W":0,"nb_dup_A":0,"nb_dup_W":0,"nb_A_prefix":0,"nb_W_prefix":0,"max_A_prefix":0,"avg_A_prefix":0,"max_A_AS":0,"avg_A_AS":0,"nb_orign_change":0,"nb_new_A":0,"nb_new_A_afterW":0,"max_path_len":0,"avg_path_len":0,"max_editdist":0,"avg_editdist":0,"editdist_7":0,"editdist_8":0,"editdist_9":0,"editdist_10":0,"editdist_11":0,"editdist_12":0,"editdist_13":0,"editdist_14":0,"editdist_15":0,"editdist_16":0,"editdist_17":0,"nb_tolonger":0,"nb_toshorter":0,"avg_interarrival":0},{"nb_A":0,"nb_W":0,"nb_implicit_W":0,"nb_dup_A":0,"nb_dup_W":0,"nb_A_prefix":0,"nb_W_prefix":0,"max_A_prefix":0,"avg_A_prefix":0,"max_A_AS":0,"avg_A_AS":0,"nb_orign_change":0,"nb_new_A":0,"nb_new_A_afterW":0,"max_path_len":0,"avg_path_len":0,"max_editdist":0,"avg_editdist":0,"editdist_7":0,"editdist_8":0,"editdist_9":0,"editdist_10":0,"editdist_11":0,"editdist_12":0,"editdist_13":0,"editdist_14":0,"editdist_15":0,"editdist_16":0,"editdist_17":0,"nb_tolonger":0,"nb_toshorter":0,"avg_interarrival":0},{"nb_A":0,"nb_W":0,"nb_implicit_W":0,"nb_dup_A":0,"nb_dup_W":0,"nb_A_prefix":0,"nb_W_prefix":0,"max_A_prefix":0,"avg_A_prefix":0,"max_A_AS":0,"avg_A_AS":0,"nb_orign_change":0,"nb_new_A":0,"nb_new_A_afterW":0,"max_path_len":0,"avg_path_len":0,"max_editdist":0,"avg_editdist":0,"editdist_7":0,"editdist_8":0,"editdist_9":0,"editdist_10":0,"editdist_11":0,"editdist_12":0,"editdist_13":0,"editdist_14":0,"editdist_15":0,"editdist_16":0,"editdist_17":0,"nb_tolonger":0,"nb_toshorter":0,"avg_interarrival":0},{"nb_A":0,"nb_W":0,"nb_implicit_W":0,"nb_dup_A":0,"nb_dup_W":0,"nb_A_prefix":0,"nb_W_prefix":0,"max_A_prefix":0,"avg_A_prefix":0,"max_A_AS":0,"avg_A_AS":0,"nb_orign_change":0,"nb_new_A":0,"nb_new_A_afterW":0,"max_path_len":0,"avg_path_len":0,"max_editdist":0,"avg_editdist":0,"editdist_7":0,"editdist_8":0,"editdist_9":0,"editdist_10":0,"editdist_11":0,"editdist_12":0,"editdist_13":0,"editdist_14":0,"editdist_15":0,"editdist_16":0,"editdist_17":0,"nb_tolonger":0,"nb_toshorter":0,"avg_interarrival":0},{"nb_A":0,"nb_W":0,"nb_implicit_W":0,"nb_dup_A":0,"nb_dup_W":0,"nb_A_prefix":0,"nb_W_prefix":0,"max_A_prefix":0,"avg_A_prefix":0,"max_A_AS":0,"avg_A_AS":0,"nb_orign_change":0,"nb_new_A":0,"nb_new_A_afterW":0,"max_path_len":0,"avg_path_len":0,"max_editdist":0,"avg_editdist":0,"editdist_7":0,"editdist_8":0,"editdist_9":0,"editdist_10":0,"editdist_11":0,"editdist_12":0,"editdist_13":0,"editdist_14":0,"editdist_15":0,"editdist_16":0,"editdist_17":0,"nb_tolonger":0,"nb_toshorter":0,"avg_interarrival":0},{"nb_A":0,"nb_W":0,"nb_implicit_W":0,"nb_dup_A":0,"nb_dup_W":0,"nb_A_prefix":0,"nb_W_prefix":0,"max_A_prefix":0,"avg_A_prefix":0,"max_A_AS":0,"avg_A_AS":0,"nb_orign_change":0,"nb_new_A":0,"nb_new_A_afterW":0,"max_path_len":0,"avg_path_len":0,"max_editdist":0,"avg_editdist":0,"editdist_7":0,"editdist_8":0,"editdist_9":0,"editdist_10":0,"editdist_11":0,"editdist_12":0,"editdist_13":0,"editdist_14":0,"editdist_15":0,"editdist_16":0,"editdist_17":0,"nb_tolonger":0,"nb_toshorter":0,"avg_interarrival":0},{"nb_A":0,"nb_W":0,"nb_implicit_W":0,"nb_dup_A":0,"nb_dup_W":0,"nb_A_prefix":0,"nb_W_prefix":0,"max_A_prefix":0,"avg_A_prefix":0,"max_A_AS":0,"avg_A_AS":0,"nb_orign_change":0,"nb_new_A":0,"nb_new_A_afterW":0,"max_path_len":0,"avg_path_len":0,"max_editdist":0,"avg_editdist":0,"editdist_7":0,"editdist_8":0,"editdist_9":0,"editdist_10":0,"editdist_11":0,"editdist_12":0,"editdist_13":0,"editdist_14":0,"editdist_15":0,"editdist_16":0,"editdist_17":0,"nb_tolonger":0,"nb_toshorter":0,"avg_interarrival":0},{"nb_A":0,"nb_W":0,"nb_implicit_W":0,"nb_dup_A":0,"nb_dup_W":0,"nb_A_prefix":0,"nb_W_prefix":0,"max_A_prefix":0,"avg_A_prefix":0,"max_A_AS":0,"avg_A_AS":0,"nb_orign_change":0,"nb_new_A":0,"nb_new_A_afterW":0,"max_path_len":0,"avg_path_len":0,"max_editdist":0,"avg_editdist":0,"editdist_7":0,"editdist_8":0,"editdist_9":0,"editdist_10":0,"editdist_11":0,"editdist_12":0,"editdist_13":0,"editdist_14":0,"editdist_15":0,"editdist_16":0,"editdist_17":0,"nb_tolonger":0,"nb_toshorter":0,"avg_interarrival":0},{"nb_A":0,"nb_W":0,"nb_implicit_W":0,"nb_dup_A":0,"nb_dup_W":0,"nb_A_prefix":0,"nb_W_prefix":0,"max_A_prefix":0,"avg_A_prefix":0,"max_A_AS":0,"avg_A_AS":0,"nb_orign_change":0,"nb_new_A":0,"nb_new_A_afterW":0,"max_path_len":0,"avg_path_len":0,"max_editdist":0,"avg_editdist":0,"editdist_7":0,"editdist_8":0,"editdist_9":0,"editdist_10":0,"editdist_11":0,"editdist_12":0,"editdist_13":0,"editdist_14":0,"editdist_15":0,"editdist_16":0,"editdist_17":0,"nb_tolonger":0,"nb_toshorter":0,"avg_interarrival":0},{"nb_A":0,"nb_W":0,"nb_implicit_W":0,"nb_dup_A":0,"nb_dup_W":0,"nb_A_prefix":0,"nb_W_prefix":0,"max_A_prefix":0,"avg_A_prefix":0,"max_A_AS":0,"avg_A_AS":0,"nb_orign_change":0,"nb_new_A":0,"nb_new_A_afterW":0,"max_path_len":0,"avg_path_len":0,"max_editdist":0,"avg_editdist":0,"editdist_7":0,"editdist_8":0,"editdist_9":0,"editdist_10":0,"editdist_11":0,"editdist_12":0,"editdist_13":0,"editdist_14":0,"editdist_15":0,"editdist_16":0,"editdist_17":0,"nb_tolonger":0,"nb_toshorter":0,"avg_interarrival":0},{"nb_A":0,"nb_W":0,"nb_implicit_W":0,"nb_dup_A":0,"nb_dup_W":0,"nb_A_prefix":0,"nb_W_prefix":0,"max_A_prefix":0,"avg_A_prefix":0,"max_A_AS":0,"avg_A_AS":0,"nb_orign_change":0,"nb_new_A":0,"nb_new_A_afterW":0,"max_path_len":0,"avg_path_len":0,"max_editdist":0,"avg_editdist":0,"editdist_7":0,"editdist_8":0,"editdist_9":0,"editdist_10":0,"editdist_11":0,"editdist_12":0,"editdist_13":0,"editdist_14":0,"editdist_15":0,"editdist_16":0,"editdist_17":0,"nb_tolonger":0,"nb_toshorter":0,"avg_interarrival":0},{"nb_A":0,"nb_W":0,"nb_implicit_W":0,"nb_dup_A":0,"nb_dup_W":0,"nb_A_prefix":0,"nb_W_prefix":0,"max_A_prefix":0,"avg_A_prefix":0,"max_A_AS":0,"avg_A_AS":0,"nb_orign_change":0,"nb_new_A":0,"nb_new_A_afterW":0,"max_path_len":0,"avg_path_len":0,"max_editdist":0,"avg_editdist":0,"editdist_7":0,"editdist_8":0,"editdist_9":0,"editdist_10":0,"editdist_11":0,"editdist_12":0,"editdist_13":0,"editdist_14":0,"editdist_15":0,"editdist_16":0,"editdist_17":0,"nb_tolonger":0,"nb_toshorter":0,"avg_interarrival":0},{"nb_A":0,"nb_W":0,"nb_implicit_W":0,"nb_dup_A":0,"nb_dup_W":0,"nb_A_prefix":0,"nb_W_prefix":0,"max_A_prefix":0,"avg_A_prefix":0,"max_A_AS":0,"avg_A_AS":0,"nb_orign_change":0,"nb_new_A":0,"nb_new_A_afterW":0,"max_path_len":0,"avg_path_len":0,"max_editdist":0,"avg_editdist":0,"editdist_7":0,"editdist_8":0,"editdist_9":0,"editdist_10":0,"editdist_11":0,"editdist_12":0,"editdist_13":0,"editdist_14":0,"editdist_15":0,"editdist_16":0,"editdist_17":0,"nb_tolonger":0,"nb_toshorter":0,"avg_interarrival":0},{"nb_A":0,"nb_W":0,"nb_implicit_W":0,"nb_dup_A":0,"nb_dup_W":0,"nb_A_prefix":0,"nb_W_prefix":0,"max_A_prefix":0,"avg_A_prefix":0,"max_A_AS":0,"avg_A_AS":0,"nb_orign_change":0,"nb_new_A":0,"nb_new_A_afterW":0,"max_path_len":0,"avg_path_len":0,"max_editdist":0,"avg_editdist":0,"editdist_7":0,"editdist_8":0,"editdist_9":0,"editdist_10":0,"editdist_11":0,"editdist_12":0,"editdist_13":0,"editdist_14":0,"editdist_15":0,"editdist_16":0,"editdist_17":0,"nb_tolonger":0,"nb_toshorter":0,"avg_interarrival":0},{"nb_A":0,"nb_W":0,"nb_implicit_W":0,"nb_dup_A":0,"nb_dup_W":0,"nb_A_prefix":0,"nb_W_prefix":0,"max_A_prefix":0,"avg_A_prefix":0,"max_A_AS":0,"avg_A_AS":0,"nb_orign_change":0,"nb_new_A":0,"nb_new_A_afterW":0,"max_path_len":0,"avg_path_len":0,"max_editdist":0,"avg_editdist":0,"editdist_7":0,"editdist_8":0,"editdist_9":0,"editdist_10":0,"editdist_11":0,"editdist_12":0,"editdist_13":0,"editdist_14":0,"editdist_15":0,"editdist_16":0,"editdist_17":0,"nb_tolonger":0,"nb_toshorter":0,"avg_interarrival":0},{"nb_A":0,"nb_W":0,"nb_implicit_W":0,"nb_dup_A":0,"nb_dup_W":0,"nb_A_prefix":0,"nb_W_prefix":0,"max_A_prefix":0,"avg_A_prefix":0,"max_A_AS":0,"avg_A_AS":0,"nb_orign_change":0,"nb_new_A":0,"nb_new_A_afterW":0,"max_path_len":0,"avg_path_len":0,"max_editdist":0,"avg_editdist":0,"editdist_7":0,"editdist_8":0,"editdist_9":0,"editdist_10":0,"editdist_11":0,"editdist_12":0,"editdist_13":0,"editdist_14":0,"editdist_15":0,"editdist_16":0,"editdist_17":0,"nb_tolonger":0,"nb_toshorter":0,"avg_interarrival":0},{"nb_A":0,"nb_W":0,"nb_implicit_W":0,"nb_dup_A":0,"nb_dup_W":0,"nb_A_prefix":0,"nb_W_prefix":0,"max_A_prefix":0,"avg_A_prefix":0,"max_A_AS":0,"avg_A_AS":0,"nb_orign_change":0,"nb_new_A":0,"nb_new_A_afterW":0,"max_path_len":0,"avg_path_len":0,"max_editdist":0,"avg_editdist":0,"editdist_7":0,"editdist_8":0,"editdist_9":0,"editdist_10":0,"editdist_11":0,"editdist_12":0,"editdist_13":0,"editdist_14":0,"editdist_15":0,"editdist_16":0,"editdist_17":0,"nb_tolonger":0,"nb_toshorter":0,"avg_interarrival":0},{"nb_A":0,"nb_W":0,"nb_implicit_W":0,"nb_dup_A":0,"nb_dup_W":0,"nb_A_prefix":0,"nb_W_prefix":0,"max_A_prefix":0,"avg_A_prefix":0,"max_A_AS":0,"avg_A_AS":0,"nb_orign_change":0,"nb_new_A":0,"nb_new_A_afterW":0,"max_path_len":0,"avg_path_len":0,"max_editdist":0,"avg_editdist":0,"editdist_7":0,"editdist_8":0,"editdist_9":0,"editdist_10":0,"editdist_11":0,"editdist_12":0,"editdist_13":0,"editdist_14":0,"editdist_15":0,"editdist_16":0,"editdist_17":0,"nb_tolonger":0,"nb_toshorter":0,"avg_interarrival":0},{"nb_A":0,"nb_W":0,"nb_implicit_W":0,"nb_dup_A":0,"nb_dup_W":0,"nb_A_prefix":0,"nb_W_prefix":0,"max_A_prefix":0,"avg_A_prefix":0,"max_A_AS":0,"avg_A_AS":0,"nb_orign_change":0,"nb_new_A":0,"nb_new_A_afterW":0,"max_path_len":0,"avg_path_len":0,"max_editdist":0,"avg_editdist":0,"editdist_7":0,"editdist_8":0,"editdist_9":0,"editdist_10":0,"editdist_11":0,"editdist_12":0,"editdist_13":0,"editdist_14":0,"editdist_15":0,"editdist_16":0,"editdist_17":0,"nb_tolonger":0,"nb_toshorter":0,"avg_interarrival":0},{"nb_A":0,"nb_W":0,"nb_implicit_W":0,"nb_dup_A":0,"nb_dup_W":0,"nb_A_prefix":0,"nb_W_prefix":0,"max_A_prefix":0,"avg_A_prefix":0,"max_A_AS":0,"avg_A_AS":0,"nb_orign_change":0,"nb_new_A":0,"nb_new_A_afterW":0,"max_path_len":0,"avg_path_len":0,"max_editdist":0,"avg_editdist":0,"editdist_7":0,"editdist_8":0,"editdist_9":0,"editdist_10":0,"editdist_11":0,"editdist_12":0,"editdist_13":0,"editdist_14":0,"editdist_15":0,"editdist_16":0,"editdist_17":0,"nb_tolonger":0,"nb_toshorter":0,"avg_interarrival":0},{"nb_A":0,"nb_W":0,"nb_implicit_W":0,"nb_dup_A":0,"nb_dup_W":0,"nb_A_prefix":0,"nb_W_prefix":0,"max_A_prefix":0,"avg_A_prefix":0,"max_A_AS":0,"avg_A_AS":0,"nb_orign_change":0,"nb_new_A":0,"nb_new_A_afterW":0,"max_path_len":0,"avg_path_len":0,"max_editdist":0,"avg_editdist":0,"editdist_7":0,"editdist_8":0,"editdist_9":0,"editdist_10":0,"editdist_11":0,"editdist_12":0,"editdist_13":0,"editdist_14":0,"editdist_15":0,"editdist_16":0,"editdist_17":0,"nb_tolonger":0,"nb_toshorter":0,"avg_interarrival":0},{"nb_A":0,"nb_W":0,"nb_implicit_W":0,"nb_dup_A":0,"nb_dup_W":0,"nb_A_prefix":0,"nb_W_prefix":0,"max_A_prefix":0,"avg_A_prefix":0,"max_A_AS":0,"avg_A_AS":0,"nb_orign_change":0,"nb_new_A":0,"nb_new_A_afterW":0,"max_path_len":0,"avg_path_len":0,"max_editdist":0,"avg_editdist":0,"editdist_7":0,"editdist_8":0,"editdist_9":0,"editdist_10":0,"editdist_11":0,"editdist_12":0,"editdist_13":0,"editdist_14":0,"editdist_15":0,"editdist_16":0,"editdist_17":0,"nb_tolonger":0,"nb_toshorter":0,"avg_interarrival":0},{"nb_A":0,"nb_W":0,"nb_implicit_W":0,"nb_dup_A":0,"nb_dup_W":0,"nb_A_prefix":0,"nb_W_prefix":0,"max_A_prefix":0,"avg_A_prefix":0,"max_A_AS":0,"avg_A_AS":0,"nb_orign_change":0,"nb_new_A":0,"nb_new_A_afterW":0,"max_path_len":0,"avg_path_len":0,"max_editdist":0,"avg_editdist":0,"editdist_7":0,"editdist_8":0,"editdist_9":0,"editdist_10":0,"editdist_11":0,"editdist_12":0,"editdist_13":0,"editdist_14":0,"editdist_15":0,"editdist_16":0,"editdist_17":0,"nb_tolonger":0,"nb_toshorter":0,"avg_interarrival":0},{"nb_A":0,"nb_W":0,"nb_implicit_W":0,"nb_dup_A":0,"nb_dup_W":0,"nb_A_prefix":0,"nb_W_prefix":0,"max_A_prefix":0,"avg_A_prefix":0,"max_A_AS":0,"avg_A_AS":0,"nb_orign_change":0,"nb_new_A":0,"nb_new_A_afterW":0,"max_path_len":0,"avg_path_len":0,"max_editdist":0,"avg_editdist":0,"editdist_7":0,"editdist_8":0,"editdist_9":0,"editdist_10":0,"editdist_11":0,"editdist_12":0,"editdist_13":0,"editdist_14":0,"editdist_15":0,"editdist_16":0,"editdist_17":0,"nb_tolonger":0,"nb_toshorter":0,"avg_interarrival":0},{"nb_A":0,"nb_W":0,"nb_implicit_W":0,"nb_dup_A":0,"nb_dup_W":0,"nb_A_prefix":0,"nb_W_prefix":0,"max_A_prefix":0,"avg_A_prefix":0,"max_A_AS":0,"avg_A_AS":0,"nb_orign_change":0,"nb_new_A":0,"nb_new_A_afterW":0,"max_path_len":0,"avg_path_len":0,"max_editdist":0,"avg_editdist":0,"editdist_7":0,"editdist_8":0,"editdist_9":0,"editdist_10":0,"editdist_11":0,"editdist_12":0,"editdist_13":0,"editdist_14":0,"editdist_15":0,"editdist_16":0,"editdist_17":0,"nb_tolonger":0,"nb_toshorter":0,"avg_interarrival":0},{"nb_A":0,"nb_W":0,"nb_implicit_W":0,"nb_dup_A":0,"nb_dup_W":0,"nb_A_prefix":0,"nb_W_prefix":0,"max_A_prefix":0,"avg_A_prefix":0,"max_A_AS":0,"avg_A_AS":0,"nb_orign_change":0,"nb_new_A":0,"nb_new_A_afterW":0,"max_path_len":0,"avg_path_len":0,"max_editdist":0,"avg_editdist":0,"editdist_7":0,"editdist_8":0,"editdist_9":0,"editdist_10":0,"editdist_11":0,"editdist_12":0,"editdist_13":0,"editdist_14":0,"editdist_15":0,"editdist_16":0,"editdist_17":0,"nb_tolonger":0,"nb_toshorter":0,"avg_interarrival":0},{"nb_A":0,"nb_W":0,"nb_implicit_W":0,"nb_dup_A":0,"nb_dup_W":0,"nb_A_prefix":0,"nb_W_prefix":0,"max_A_prefix":0,"avg_A_prefix":0,"max_A_AS":0,"avg_A_AS":0,"nb_orign_change":0,"nb_new_A":0,"nb_new_A_afterW":0,"max_path_len":0,"avg_path_len":0,"max_editdist":0,"avg_editdist":0,"editdist_7":0,"editdist_8":0,"editdist_9":0,"editdist_10":0,"editdist_11":0,"editdist_12":0,"editdist_13":0,"editdist_14":0,"editdist_15":0,"editdist_16":0,"editdist_17":0,"nb_tolonger":0,"nb_toshorter":0,"avg_interarrival":0},{"nb_A":0,"nb_W":0,"nb_implicit_W":0,"nb_dup_A":0,"nb_dup_W":0,"nb_A_prefix":0,"nb_W_prefix":0,"max_A_prefix":0,"avg_A_prefix":0,"max_A_AS":0,"avg_A_AS":0,"nb_orign_change":0,"nb_new_A":0,"nb_new_A_afterW":0,"max_path_len":0,"avg_path_len":0,"max_editdist":0,"avg_editdist":0,"editdist_7":0,"editdist_8":0,"editdist_9":0,"editdist_10":0,"editdist_11":0,"editdist_12":0,"editdist_13":0,"editdist_14":0,"editdist_15":0,"editdist_16":0,"editdist_17":0,"nb_tolonger":0,"nb_toshorter":0,"avg_interarrival":0},{"nb_A":0,"nb_W":0,"nb_implicit_W":0,"nb_dup_A":0,"nb_dup_W":0,"nb_A_prefix":0,"nb_W_prefix":0,"max_A_prefix":0,"avg_A_prefix":0,"max_A_AS":0,"avg_A_AS":0,"nb_orign_change":0,"nb_new_A":0,"nb_new_A_afterW":0,"max_path_len":0,"avg_path_len":0,"max_editdist":0,"avg_editdist":0,"editdist_7":0,"editdist_8":0,"editdist_9":0,"editdist_10":0,"editdist_11":0,"editdist_12":0,"editdist_13":0,"editdist_14":0,"editdist_15":0,"editdist_16":0,"editdist_17":0,"nb_tolonger":0,"nb_toshorter":0,"avg_interarrival":0},{"nb_A":0,"nb_W":0,"nb_implicit_W":0,"nb_dup_A":0,"nb_dup_W":0,"nb_A_prefix":0,"nb_W_prefix":0,"max_A_prefix":0,"avg_A_prefix":0,"max_A_AS":0,"avg_A_AS":0,"nb_orign_change":0,"nb_new_A":0,"nb_new_A_afterW":0,"max_path_len":0,"avg_path_len":0,"max_editdist":0,"avg_editdist":0,"editdist_7":0,"editdist_8":0,"editdist_9":0,"editdist_10":0,"editdist_11":0,"editdist_12":0,"editdist_13":0,"editdist_14":0,"editdist_15":0,"editdist_16":0,"editdist_17":0,"nb_tolonger":0,"nb_toshorter":0,"avg_interarrival":0},{"nb_A":0,"nb_W":0,"nb_implicit_W":0,"nb_dup_A":0,"nb_dup_W":0,"nb_A_prefix":0,"nb_W_prefix":0,"max_A_prefix":0,"avg_A_prefix":0,"max_A_AS":0,"avg_A_AS":0,"nb_orign_change":0,"nb_new_A":0,"nb_new_A_afterW":0,"max_path_len":0,"avg_path_len":0,"max_editdist":0,"avg_editdist":0,"editdist_7":0,"editdist_8":0,"editdist_9":0,"editdist_10":0,"editdist_11":0,"editdist_12":0,"editdist_13":0,"editdist_14":0,"editdist_15":0,"editdist_16":0,"editdist_17":0,"nb_tolonger":0,"nb_toshorter":0,"avg_interarrival":0},{"nb_A":0,"nb_W":0,"nb_implicit_W":0,"nb_dup_A":0,"nb_dup_W":0,"nb_A_prefix":0,"nb_W_prefix":0,"max_A_prefix":0,"avg_A_prefix":0,"max_A_AS":0,"avg_A_AS":0,"nb_orign_change":0,"nb_new_A":0,"nb_new_A_afterW":0,"max_path_len":0,"avg_path_len":0,"max_editdist":0,"avg_editdist":0,"editdist_7":0,"editdist_8":0,"editdist_9":0,"editdist_10":0,"editdist_11":0,"editdist_12":0,"editdist_13":0,"editdist_14":0,"editdist_15":0,"editdist_16":0,"editdist_17":0,"nb_tolonger":0,"nb_toshorter":0,"avg_interarrival":0},{"nb_A":0,"nb_W":0,"nb_implicit_W":0,"nb_dup_A":0,"nb_dup_W":0,"nb_A_prefix":0,"nb_W_prefix":0,"max_A_prefix":0,"avg_A_prefix":0,"max_A_AS":0,"avg_A_AS":0,"nb_orign_change":0,"nb_new_A":0,"nb_new_A_afterW":0,"max_path_len":0,"avg_path_len":0,"max_editdist":0,"avg_editdist":0,"editdist_7":0,"editdist_8":0,"editdist_9":0,"editdist_10":0,"editdist_11":0,"editdist_12":0,"editdist_13":0,"editdist_14":0,"editdist_15":0,"editdist_16":0,"editdist_17":0,"nb_tolonger":0,"nb_toshorter":0,"avg_interarrival":0},{"nb_A":0,"nb_W":0,"nb_implicit_W":0,"nb_dup_A":0,"nb_dup_W":0,"nb_A_prefix":0,"nb_W_prefix":0,"max_A_prefix":0,"avg_A_prefix":0,"max_A_AS":0,"avg_A_AS":0,"nb_orign_change":0,"nb_new_A":0,"nb_new_A_afterW":0,"max_path_len":0,"avg_path_len":0,"max_editdist":0,"avg_editdist":0,"editdist_7":0,"editdist_8":0,"editdist_9":0,"editdist_10":0,"editdist_11":0,"editdist_12":0,"editdist_13":0,"editdist_14":0,"editdist_15":0,"editdist_16":0,"editdist_17":0,"nb_tolonger":0,"nb_toshorter":0,"avg_interarrival":0},{"nb_A":0,"nb_W":0,"nb_implicit_W":0,"nb_dup_A":0,"nb_dup_W":0,"nb_A_prefix":0,"nb_W_prefix":0,"max_A_prefix":0,"avg_A_prefix":0,"max_A_AS":0,"avg_A_AS":0,"nb_orign_change":0,"nb_new_A":0,"nb_new_A_afterW":0,"max_path_len":0,"avg_path_len":0,"max_editdist":0,"avg_editdist":0,"editdist_7":0,"editdist_8":0,"editdist_9":0,"editdist_10":0,"editdist_11":0,"editdist_12":0,"editdist_13":0,"editdist_14":0,"editdist_15":0,"editdist_16":0,"editdist_17":0,"nb_tolonger":0,"nb_toshorter":0,"avg_interarrival":0},{"nb_A":0,"nb_W":0,"nb_implicit_W":0,"nb_dup_A":0,"nb_dup_W":0,"nb_A_prefix":0,"nb_W_prefix":0,"max_A_prefix":0,"avg_A_prefix":0,"max_A_AS":0,"avg_A_AS":0,"nb_orign_change":0,"nb_new_A":0,"nb_new_A_afterW":0,"max_path_len":0,"avg_path_len":0,"max_editdist":0,"avg_editdist":0,"editdist_7":0,"editdist_8":0,"editdist_9":0,"editdist_10":0,"editdist_11":0,"editdist_12":0,"editdist_13":0,"editdist_14":0,"editdist_15":0,"editdist_16":0,"editdist_17":0,"nb_tolonger":0,"nb_toshorter":0,"avg_interarrival":0},{"nb_A":0,"nb_W":0,"nb_implicit_W":0,"nb_dup_A":0,"nb_dup_W":0,"nb_A_prefix":0,"nb_W_prefix":0,"max_A_prefix":0,"avg_A_prefix":0,"max_A_AS":0,"avg_A_AS":0,"nb_orign_change":0,"nb_new_A":0,"nb_new_A_afterW":0,"max_path_len":0,"avg_path_len":0,"max_editdist":0,"avg_editdist":0,"editdist_7":0,"editdist_8":0,"editdist_9":0,"editdist_10":0,"editdist_11":0,"editdist_12":0,"editdist_13":0,"editdist_14":0,"editdist_15":0,"editdist_16":0,"editdist_17":0,"nb_tolonger":0,"nb_toshorter":0,"avg_interarrival":0},{"nb_A":0,"nb_W":0,"nb_implicit_W":0,"nb_dup_A":0,"nb_dup_W":0,"nb_A_prefix":0,"nb_W_prefix":0,"max_A_prefix":0,"avg_A_prefix":0,"max_A_AS":0,"avg_A_AS":0,"nb_orign_change":0,"nb_new_A":0,"nb_new_A_afterW":0,"max_path_len":0,"avg_path_len":0,"max_editdist":0,"avg_editdist":0,"editdist_7":0,"editdist_8":0,"editdist_9":0,"editdist_10":0,"editdist_11":0,"editdist_12":0,"editdist_13":0,"editdist_14":0,"editdist_15":0,"editdist_16":0,"editdist_17":0,"nb_tolonger":0,"nb_toshorter":0,"avg_interarrival":0},{"nb_A":0,"nb_W":0,"nb_implicit_W":0,"nb_dup_A":0,"nb_dup_W":0,"nb_A_prefix":0,"nb_W_prefix":0,"max_A_prefix":0,"avg_A_prefix":0,"max_A_AS":0,"avg_A_AS":0,"nb_orign_change":0,"nb_new_A":0,"nb_new_A_afterW":0,"max_path_len":0,"avg_path_len":0,"max_editdist":0,"avg_editdist":0,"editdist_7":0,"editdist_8":0,"editdist_9":0,"editdist_10":0,"editdist_11":0,"editdist_12":0,"editdist_13":0,"editdist_14":0,"editdist_15":0,"editdist_16":0,"editdist_17":0,"nb_tolonger":0,"nb_toshorter":0,"avg_interarrival":0},{"nb_A":0,"nb_W":0,"nb_implicit_W":0,"nb_dup_A":0,"nb_dup_W":0,"nb_A_prefix":0,"nb_W_prefix":0,"max_A_prefix":0,"avg_A_prefix":0,"max_A_AS":0,"avg_A_AS":0,"nb_orign_change":0,"nb_new_A":0,"nb_new_A_afterW":0,"max_path_len":0,"avg_path_len":0,"max_editdist":0,"avg_editdist":0,"editdist_7":0,"editdist_8":0,"editdist_9":0,"editdist_10":0,"editdist_11":0,"editdist_12":0,"editdist_13":0,"editdist_14":0,"editdist_15":0,"editdist_16":0,"editdist_17":0,"nb_tolonger":0,"nb_toshorter":0,"avg_interarrival":0},{"nb_A":0,"nb_W":0,"nb_implicit_W":0,"nb_dup_A":0,"nb_dup_W":0,"nb_A_prefix":0,"nb_W_prefix":0,"max_A_prefix":0,"avg_A_prefix":0,"max_A_AS":0,"avg_A_AS":0,"nb_orign_change":0,"nb_new_A":0,"nb_new_A_afterW":0,"max_path_len":0,"avg_path_len":0,"max_editdist":0,"avg_editdist":0,"editdist_7":0,"editdist_8":0,"editdist_9":0,"editdist_10":0,"editdist_11":0,"editdist_12":0,"editdist_13":0,"editdist_14":0,"editdist_15":0,"editdist_16":0,"editdist_17":0,"nb_tolonger":0,"nb_toshorter":0,"avg_interarrival":0},{"nb_A":0,"nb_W":0,"nb_implicit_W":0,"nb_dup_A":0,"nb_dup_W":0,"nb_A_prefix":0,"nb_W_prefix":0,"max_A_prefix":0,"avg_A_prefix":0,"max_A_AS":0,"avg_A_AS":0,"nb_orign_change":0,"nb_new_A":0,"nb_new_A_afterW":0,"max_path_len":0,"avg_path_len":0,"max_editdist":0,"avg_editdist":0,"editdist_7":0,"editdist_8":0,"editdist_9":0,"editdist_10":0,"editdist_11":0,"editdist_12":0,"editdist_13":0,"editdist_14":0,"editdist_15":0,"editdist_16":0,"editdist_17":0,"nb_tolonger":0,"nb_toshorter":0,"avg_interarrival":0},{"nb_A":0,"nb_W":0,"nb_implicit_W":0,"nb_dup_A":0,"nb_dup_W":0,"nb_A_prefix":0,"nb_W_prefix":0,"max_A_prefix":0,"avg_A_prefix":0,"max_A_AS":0,"avg_A_AS":0,"nb_orign_change":0,"nb_new_A":0,"nb_new_A_afterW":0,"max_path_len":0,"avg_path_len":0,"max_editdist":0,"avg_editdist":0,"editdist_7":0,"editdist_8":0,"editdist_9":0,"editdist_10":0,"editdist_11":0,"editdist_12":0,"editdist_13":0,"editdist_14":0,"editdist_15":0,"editdist_16":0,"editdist_17":0,"nb_tolonger":0,"nb_toshorter":0,"avg_interarrival":0},{"nb_A":0,"nb_W":0,"nb_implicit_W":0,"nb_dup_A":0,"nb_dup_W":0,"nb_A_prefix":0,"nb_W_prefix":0,"max_A_prefix":0,"avg_A_prefix":0,"max_A_AS":0,"avg_A_AS":0,"nb_orign_change":0,"nb_new_A":0,"nb_new_A_afterW":0,"max_path_len":0,"avg_path_len":0,"max_editdist":0,"avg_editdist":0,"editdist_7":0,"editdist_8":0,"editdist_9":0,"editdist_10":0,"editdist_11":0,"editdist_12":0,"editdist_13":0,"editdist_14":0,"editdist_15":0,"editdist_16":0,"editdist_17":0,"nb_tolonger":0,"nb_toshorter":0,"avg_interarrival":0},{"nb_A":0,"nb_W":0,"nb_implicit_W":0,"nb_dup_A":0,"nb_dup_W":0,"nb_A_prefix":0,"nb_W_prefix":0,"max_A_prefix":0,"avg_A_prefix":0,"max_A_AS":0,"avg_A_AS":0,"nb_orign_change":0,"nb_new_A":0,"nb_new_A_afterW":0,"max_path_len":0,"avg_path_len":0,"max_editdist":0,"avg_editdist":0,"editdist_7":0,"editdist_8":0,"editdist_9":0,"editdist_10":0,"editdist_11":0,"editdist_12":0,"editdist_13":0,"editdist_14":0,"editdist_15":0,"editdist_16":0,"editdist_17":0,"nb_tolonger":0,"nb_toshorter":0,"avg_interarrival":0},{"nb_A":0,"nb_W":0,"nb_implicit_W":0,"nb_dup_A":0,"nb_dup_W":0,"nb_A_prefix":0,"nb_W_prefix":0,"max_A_prefix":0,"avg_A_prefix":0,"max_A_AS":0,"avg_A_AS":0,"nb_orign_change":0,"nb_new_A":0,"nb_new_A_afterW":0,"max_path_len":0,"avg_path_len":0,"max_editdist":0,"avg_editdist":0,"editdist_7":0,"editdist_8":0,"editdist_9":0,"editdist_10":0,"editdist_11":0,"editdist_12":0,"editdist_13":0,"editdist_14":0,"editdist_15":0,"editdist_16":0,"editdist_17":0,"nb_tolonger":0,"nb_toshorter":0,"avg_interarrival":0},{"nb_A":0,"nb_W":0,"nb_implicit_W":0,"nb_dup_A":0,"nb_dup_W":0,"nb_A_prefix":0,"nb_W_prefix":0,"max_A_prefix":0,"avg_A_prefix":0,"max_A_AS":0,"avg_A_AS":0,"nb_orign_change":0,"nb_new_A":0,"nb_new_A_afterW":0,"max_path_len":0,"avg_path_len":0,"max_editdist":0,"avg_editdist":0,"editdist_7":0,"editdist_8":0,"editdist_9":0,"editdist_10":0,"editdist_11":0,"editdist_12":0,"editdist_13":0,"editdist_14":0,"editdist_15":0,"editdist_16":0,"editdist_17":0,"nb_tolonger":0,"nb_toshorter":0,"avg_interarrival":0},{"nb_A":0,"nb_W":0,"nb_implicit_W":0,"nb_dup_A":0,"nb_dup_W":0,"nb_A_prefix":0,"nb_W_prefix":0,"max_A_prefix":0,"avg_A_prefix":0,"max_A_AS":0,"avg_A_AS":0,"nb_orign_change":0,"nb_new_A":0,"nb_new_A_afterW":0,"max_path_len":0,"avg_path_len":0,"max_editdist":0,"avg_editdist":0,"editdist_7":0,"editdist_8":0,"editdist_9":0,"editdist_10":0,"editdist_11":0,"editdist_12":0,"editdist_13":0,"editdist_14":0,"editdist_15":0,"editdist_16":0,"editdist_17":0,"nb_tolonger":0,"nb_toshorter":0,"avg_interarrival":0},{"nb_A":0,"nb_W":0,"nb_implicit_W":0,"nb_dup_A":0,"nb_dup_W":0,"nb_A_prefix":0,"nb_W_prefix":0,"max_A_prefix":0,"avg_A_prefix":0,"max_A_AS":0,"avg_A_AS":0,"nb_orign_change":0,"nb_new_A":0,"nb_new_A_afterW":0,"max_path_len":0,"avg_path_len":0,"max_editdist":0,"avg_editdist":0,"editdist_7":0,"editdist_8":0,"editdist_9":0,"editdist_10":0,"editdist_11":0,"editdist_12":0,"editdist_13":0,"editdist_14":0,"editdist_15":0,"editdist_16":0,"editdist_17":0,"nb_tolonger":0,"nb_toshorter":0,"avg_interarrival":0},{"nb_A":0,"nb_W":0,"nb_implicit_W":0,"nb_dup_A":0,"nb_dup_W":0,"nb_A_prefix":0,"nb_W_prefix":0,"max_A_prefix":0,"avg_A_prefix":0,"max_A_AS":0,"avg_A_AS":0,"nb_orign_change":0,"nb_new_A":0,"nb_new_A_afterW":0,"max_path_len":0,"avg_path_len":0,"max_editdist":0,"avg_editdist":0,"editdist_7":0,"editdist_8":0,"editdist_9":0,"editdist_10":0,"editdist_11":0,"editdist_12":0,"editdist_13":0,"editdist_14":0,"editdist_15":0,"editdist_16":0,"editdist_17":0,"nb_tolonger":0,"nb_toshorter":0,"avg_interarrival":0},{"nb_A":0,"nb_W":0,"nb_implicit_W":0,"nb_dup_A":0,"nb_dup_W":0,"nb_A_prefix":0,"nb_W_prefix":0,"max_A_prefix":0,"avg_A_prefix":0,"max_A_AS":0,"avg_A_AS":0,"nb_orign_change":0,"nb_new_A":0,"nb_new_A_afterW":0,"max_path_len":0,"avg_path_len":0,"max_editdist":0,"avg_editdist":0,"editdist_7":0,"editdist_8":0,"editdist_9":0,"editdist_10":0,"editdist_11":0,"editdist_12":0,"editdist_13":0,"editdist_14":0,"editdist_15":0,"editdist_16":0,"editdist_17":0,"nb_tolonger":0,"nb_toshorter":0,"avg_interarrival":0},{"nb_A":0,"nb_W":0,"nb_implicit_W":0,"nb_dup_A":0,"nb_dup_W":0,"nb_A_prefix":0,"nb_W_prefix":0,"max_A_prefix":0,"avg_A_prefix":0,"max_A_AS":0,"avg_A_AS":0,"nb_orign_change":0,"nb_new_A":0,"nb_new_A_afterW":0,"max_path_len":0,"avg_path_len":0,"max_editdist":0,"avg_editdist":0,"editdist_7":0,"editdist_8":0,"editdist_9":0,"editdist_10":0,"editdist_11":0,"editdist_12":0,"editdist_13":0,"editdist_14":0,"editdist_15":0,"editdist_16":0,"editdist_17":0,"nb_tolonger":0,"nb_toshorter":0,"avg_interarrival":0},{"nb_A":0,"nb_W":0,"nb_implicit_W":0,"nb_dup_A":0,"nb_dup_W":0,"nb_A_prefix":0,"nb_W_prefix":0,"max_A_prefix":0,"avg_A_prefix":0,"max_A_AS":0,"avg_A_AS":0,"nb_orign_change":0,"nb_new_A":0,"nb_new_A_afterW":0,"max_path_len":0,"avg_path_len":0,"max_editdist":0,"avg_editdist":0,"editdist_7":0,"editdist_8":0,"editdist_9":0,"editdist_10":0,"editdist_11":0,"editdist_12":0,"editdist_13":0,"editdist_14":0,"editdist_15":0,"editdist_16":0,"editdist_17":0,"nb_tolonger":0,"nb_toshorter":0,"avg_interarrival":0},{"nb_A":0,"nb_W":0,"nb_implicit_W":0,"nb_dup_A":0,"nb_dup_W":0,"nb_A_prefix":0,"nb_W_prefix":0,"max_A_prefix":0,"avg_A_prefix":0,"max_A_AS":0,"avg_A_AS":0,"nb_orign_change":0,"nb_new_A":0,"nb_new_A_afterW":0,"max_path_len":0,"avg_path_len":0,"max_editdist":0,"avg_editdist":0,"editdist_7":0,"editdist_8":0,"editdist_9":0,"editdist_10":0,"editdist_11":0,"editdist_12":0,"editdist_13":0,"editdist_14":0,"editdist_15":0,"editdist_16":0,"editdist_17":0,"nb_tolonger":0,"nb_toshorter":0,"avg_interarrival":0},{"nb_A":0,"nb_W":0,"nb_implicit_W":0,"nb_dup_A":0,"nb_dup_W":0,"nb_A_prefix":0,"nb_W_prefix":0,"max_A_prefix":0,"avg_A_prefix":0,"max_A_AS":0,"avg_A_AS":0,"nb_orign_change":0,"nb_new_A":0,"nb_new_A_afterW":0,"max_path_len":0,"avg_path_len":0,"max_editdist":0,"avg_editdist":0,"editdist_7":0,"editdist_8":0,"editdist_9":0,"editdist_10":0,"editdist_11":0,"editdist_12":0,"editdist_13":0,"editdist_14":0,"editdist_15":0,"editdist_16":0,"editdist_17":0,"nb_tolonger":0,"nb_toshorter":0,"avg_interarrival":0},{"nb_A":0,"nb_W":0,"nb_implicit_W":0,"nb_dup_A":0,"nb_dup_W":0,"nb_A_prefix":0,"nb_W_prefix":0,"max_A_prefix":0,"avg_A_prefix":0,"max_A_AS":0,"avg_A_AS":0,"nb_orign_change":0,"nb_new_A":0,"nb_new_A_afterW":0,"max_path_len":0,"avg_path_len":0,"max_editdist":0,"avg_editdist":0,"editdist_7":0,"editdist_8":0,"editdist_9":0,"editdist_10":0,"editdist_11":0,"editdist_12":0,"editdist_13":0,"editdist_14":0,"editdist_15":0,"editdist_16":0,"editdist_17":0,"nb_tolonger":0,"nb_toshorter":0,"avg_interarrival":0},{"nb_A":0,"nb_W":0,"nb_implicit_W":0,"nb_dup_A":0,"nb_dup_W":0,"nb_A_prefix":0,"nb_W_prefix":0,"max_A_prefix":0,"avg_A_prefix":0,"max_A_AS":0,"avg_A_AS":0,"nb_orign_change":0,"nb_new_A":0,"nb_new_A_afterW":0,"max_path_len":0,"avg_path_len":0,"max_editdist":0,"avg_editdist":0,"editdist_7":0,"editdist_8":0,"editdist_9":0,"editdist_10":0,"editdist_11":0,"editdist_12":0,"editdist_13":0,"editdist_14":0,"editdist_15":0,"editdist_16":0,"editdist_17":0,"nb_tolonger":0,"nb_toshorter":0,"avg_interarrival":0},{"nb_A":0,"nb_W":0,"nb_implicit_W":0,"nb_dup_A":0,"nb_dup_W":0,"nb_A_prefix":0,"nb_W_prefix":0,"max_A_prefix":0,"avg_A_prefix":0,"max_A_AS":0,"avg_A_AS":0,"nb_orign_change":0,"nb_new_A":0,"nb_new_A_afterW":0,"max_path_len":0,"avg_path_len":0,"max_editdist":0,"avg_editdist":0,"editdist_7":0,"editdist_8":0,"editdist_9":0,"editdist_10":0,"editdist_11":0,"editdist_12":0,"editdist_13":0,"editdist_14":0,"editdist_15":0,"editdist_16":0,"editdist_17":0,"nb_tolonger":0,"nb_toshorter":0,"avg_interarrival":0},{"nb_A":4,"nb_W":0,"nb_implicit_W":0,"nb_dup_A":2,"nb_dup_W":0,"nb_A_prefix":4,"nb_W_prefix":0,"max_A_prefix":1,"avg_A_prefix":1,"max_A_AS":2,"avg_A_AS":2,"nb_orign_change":0,"nb_new_A":2,"nb_new_A_afterW":0,"max_path_len":10,"avg_path_len":9,"max_editdist":0,"avg_editdist":0,"editdist_7":0,"editdist_8":0,"editdist_9":0,"editdist_10":0,"editdist_11":0,"editdist_12":0,"editdist_13":0,"editdist_14":0,"editdist_15":0,"editdist_16":0,"editdist_17":0,"nb_tolonger":0,"nb_toshorter":0,"avg_interarrival":5000},{"nb_A":0,"nb_W":0,"nb_implicit_W":0,"nb_dup_A":0,"nb_dup_W":0,"nb_A_prefix":0,"nb_W_prefix":0,"max_A_prefix":0,"avg_A_prefix":0,"max_A_AS":0,"avg_A_AS":0,"nb_orign_change":0,"nb_new_A":0,"nb_new_A_afterW":0,"max_path_len":0,"avg_path_len":0,"max_editdist":0,"avg_editdist":0,"editdist_7":0,"editdist_8":0,"editdist_9":0,"editdist_10":0,"editdist_11":0,"editdist_12":0,"editdist_13":0,"editdist_14":0,"editdist_15":0,"editdist_16":0,"editdist_17":0,"nb_tolonger":0,"nb_toshorter":0,"avg_interarrival":0},{"nb_A":0,"nb_W":0,"nb_implicit_W":0,"nb_dup_A":0,"nb_dup_W":0,"nb_A_prefix":0,"nb_W_prefix":0,"max_A_prefix":0,"avg_A_prefix":0,"max_A_AS":0,"avg_A_AS":0,"nb_orign_change":0,"nb_new_A":0,"nb_new_A_afterW":0,"max_path_len":0,"avg_path_len":0,"max_editdist":0,"avg_editdist":0,"editdist_7":0,"editdist_8":0,"editdist_9":0,"editdist_10":0,"editdist_11":0,"editdist_12":0,"editdist_13":0,"editdist_14":0,"editdist_15":0,"editdist_16":0,"editdist_17":0,"nb_tolonger":0,"nb_toshorter":0,"avg_interarrival":0},{"nb_A":0,"nb_W":0,"nb_implicit_W":0,"nb_dup_A":0,"nb_dup_W":0,"nb_A_prefix":0,"nb_W_prefix":0,"max_A_prefix":0,"avg_A_prefix":0,"max_A_AS":0,"avg_A_AS":0,"nb_orign_change":0,"nb_new_A":0,"nb_new_A_afterW":0,"max_path_len":0,"avg_path_len":0,"max_editdist":0,"avg_editdist":0,"editdist_7":0,"editdist_8":0,"editdist_9":0,"editdist_10":0,"editdist_11":0,"editdist_12":0,"editdist_13":0,"editdist_14":0,"editdist_15":0,"editdist_16":0,"editdist_17":0,"nb_tolonger":0,"nb_toshorter":0,"avg_interarrival":0},{"nb_A":0,"nb_W":0,"nb_implicit_W":0,"nb_dup_A":0,"nb_dup_W":0,"nb_A_prefix":0,"nb_W_prefix":0,"max_A_prefix":0,"avg_A_prefix":0,"max_A_AS":0,"avg_A_AS":0,"nb_orign_change":0,"nb_new_A":0,"nb_new_A_afterW":0,"max_path_len":0,"avg_path_len":0,"max_editdist":0,"avg_editdist":0,"editdist_7":0,"editdist_8":0,"editdist_9":0,"editdist_10":0,"editdist_11":0,"editdist_12":0,"editdist_13":0,"editdist_14":0,"editdist_15":0,"editdist_16":0,"editdist_17":0,"nb_tolonger":0,"nb_toshorter":0,"avg_interarrival":0},{"nb_A":0,"nb_W":0,"nb_implicit_W":0,"nb_dup_A":0,"nb_dup_W":0,"nb_A_prefix":0,"nb_W_prefix":0,"max_A_prefix":0,"avg_A_prefix":0,"max_A_AS":0,"avg_A_AS":0,"nb_orign_change":0,"nb_new_A":0,"nb_new_A_afterW":0,"max_path_len":0,"avg_path_len":0,"max_editdist":0,"avg_editdist":0,"editdist_7":0,"editdist_8":0,"editdist_9":0,"editdist_10":0,"editdist_11":0,"editdist_12":0,"editdist_13":0,"editdist_14":0,"editdist_15":0,"editdist_16":0,"editdist_17":0,"nb_tolonger":0,"nb_toshorter":0,"avg_interarrival":0},{"nb_A":0,"nb_W":0,"nb_implicit_W":0,"nb_dup_A":0,"nb_dup_W":0,"nb_A_prefix":0,"nb_W_prefix":0,"max_A_prefix":0,"avg_A_prefix":0,"max_A_AS":0,"avg_A_AS":0,"nb_orign_change":0,"nb_new_A":0,"nb_new_A_afterW":0,"max_path_len":0,"avg_path_len":0,"max_editdist":0,"avg_editdist":0,"editdist_7":0,"editdist_8":0,"editdist_9":0,"editdist_10":0,"editdist_11":0,"editdist_12":0,"editdist_13":0,"editdist_14":0,"editdist_15":0,"editdist_16":0,"editdist_17":0,"nb_tolonger":0,"nb_toshorter":0,"avg_interarrival":0},{"nb_A":0,"nb_W":0,"nb_implicit_W":0,"nb_dup_A":0,"nb_dup_W":0,"nb_A_prefix":0,"nb_W_prefix":0,"max_A_prefix":0,"avg_A_prefix":0,"max_A_AS":0,"avg_A_AS":0,"nb_orign_change":0,"nb_new_A":0,"nb_new_A_afterW":0,"max_path_len":0,"avg_path_len":0,"max_editdist":0,"avg_editdist":0,"editdist_7":0,"editdist_8":0,"editdist_9":0,"editdist_10":0,"editdist_11":0,"editdist_12":0,"editdist_13":0,"editdist_14":0,"editdist_15":0,"editdist_16":0,"editdist_17":0,"nb_tolonger":0,"nb_toshorter":0,"avg_interarrival":0},{"nb_A":0,"nb_W":0,"nb_implicit_W":0,"nb_dup_A":0,"nb_dup_W":0,"nb_A_prefix":0,"nb_W_prefix":0,"max_A_prefix":0,"avg_A_prefix":0,"max_A_AS":0,"avg_A_AS":0,"nb_orign_change":0,"nb_new_A":0,"nb_new_A_afterW":0,"max_path_len":0,"avg_path_len":0,"max_editdist":0,"avg_editdist":0,"editdist_7":0,"editdist_8":0,"editdist_9":0,"editdist_10":0,"editdist_11":0,"editdist_12":0,"editdist_13":0,"editdist_14":0,"editdist_15":0,"editdist_16":0,"editdist_17":0,"nb_tolonger":0,"nb_toshorter":0,"avg_interarrival":0},{"nb_A":0,"nb_W":0,"nb_implicit_W":0,"nb_dup_A":0,"nb_dup_W":0,"nb_A_prefix":0,"nb_W_prefix":0,"max_A_prefix":0,"avg_A_prefix":0,"max_A_AS":0,"avg_A_AS":0,"nb_orign_change":0,"nb_new_A":0,"nb_new_A_afterW":0,"max_path_len":0,"avg_path_len":0,"max_editdist":0,"avg_editdist":0,"editdist_7":0,"editdist_8":0,"editdist_9":0,"editdist_10":0,"editdist_11":0,"editdist_12":0,"editdist_13":0,"editdist_14":0,"editdist_15":0,"editdist_16":0,"editdist_17":0,"nb_tolonger":0,"nb_toshorter":0,"avg_interarrival":0},{"nb_A":0,"nb_W":0,"nb_implicit_W":0,"nb_dup_A":0,"nb_dup_W":0,"nb_A_prefix":0,"nb_W_prefix":0,"max_A_prefix":0,"avg_A_prefix":0,"max_A_AS":0,"avg_A_AS":0,"nb_orign_change":0,"nb_new_A":0,"nb_new_A_afterW":0,"max_path_len":0,"avg_path_len":0,"max_editdist":0,"avg_editdist":0,"editdist_7":0,"editdist_8":0,"editdist_9":0,"editdist_10":0,"editdist_11":0,"editdist_12":0,"editdist_13":0,"editdist_14":0,"editdist_15":0,"editdist_16":0,"editdist_17":0,"nb_tolonger":0,"nb_toshorter":0,"avg_interarrival":0},{"nb_A":0,"nb_W":0,"nb_implicit_W":0,"nb_dup_A":0,"nb_dup_W":0,"nb_A_prefix":0,"nb_W_prefix":0,"max_A_prefix":0,"avg_A_prefix":0,"max_A_AS":0,"avg_A_AS":0,"nb_orign_change":0,"nb_new_A":0,"nb_new_A_afterW":0,"max_path_len":0,"avg_path_len":0,"max_editdist":0,"avg_editdist":0,"editdist_7":0,"editdist_8":0,"editdist_9":0,"editdist_10":0,"editdist_11":0,"editdist_12":0,"editdist_13":0,"editdist_14":0,"editdist_15":0,"editdist_16":0,"editdist_17":0,"nb_tolonger":0,"nb_toshorter":0,"avg_interarrival":0},{"nb_A":0,"nb_W":0,"nb_implicit_W":0,"nb_dup_A":0,"nb_dup_W":0,"nb_A_prefix":0,"nb_W_prefix":0,"max_A_prefix":0,"avg_A_prefix":0,"max_A_AS":0,"avg_A_AS":0,"nb_orign_change":0,"nb_new_A":0,"nb_new_A_afterW":0,"max_path_len":0,"avg_path_len":0,"max_editdist":0,"avg_editdist":0,"editdist_7":0,"editdist_8":0,"editdist_9":0,"editdist_10":0,"editdist_11":0,"editdist_12":0,"editdist_13":0,"editdist_14":0,"editdist_15":0,"editdist_16":0,"editdist_17":0,"nb_tolonger":0,"nb_toshorter":0,"avg_interarrival":0},{"nb_A":0,"nb_W":0,"nb_implicit_W":0,"nb_dup_A":0,"nb_dup_W":0,"nb_A_prefix":0,"nb_W_prefix":0,"max_A_prefix":0,"avg_A_prefix":0,"max_A_AS":0,"avg_A_AS":0,"nb_orign_change":0,"nb_new_A":0,"nb_new_A_afterW":0,"max_path_len":0,"avg_path_len":0,"max_editdist":0,"avg_editdist":0,"editdist_7":0,"editdist_8":0,"editdist_9":0,"editdist_10":0,"editdist_11":0,"editdist_12":0,"editdist_13":0,"editdist_14":0,"editdist_15":0,"editdist_16":0,"editdist_17":0,"nb_tolonger":0,"nb_toshorter":0,"avg_interarrival":0},{"nb_A":0,"nb_W":0,"nb_implicit_W":0,"nb_dup_A":0,"nb_dup_W":0,"nb_A_prefix":0,"nb_W_prefix":0,"max_A_prefix":0,"avg_A_prefix":0,"max_A_AS":0,"avg_A_AS":0,"nb_orign_change":0,"nb_new_A":0,"nb_new_A_afterW":0,"max_path_len":0,"avg_path_len":0,"max_editdist":0,"avg_editdist":0,"editdist_7":0,"editdist_8":0,"editdist_9":0,"editdist_10":0,"editdist_11":0,"editdist_12":0,"editdist_13":0,"editdist_14":0,"editdist_15":0,"editdist_16":0,"editdist_17":0,"nb_tolonger":0,"nb_toshorter":0,"avg_interarrival":0},{"nb_A":0,"nb_W":0,"nb_implicit_W":0,"nb_dup_A":0,"nb_dup_W":0,"nb_A_prefix":0,"nb_W_prefix":0,"max_A_prefix":0,"avg_A_prefix":0,"max_A_AS":0,"avg_A_AS":0,"nb_orign_change":0,"nb_new_A":0,"nb_new_A_afterW":0,"max_path_len":0,"avg_path_len":0,"max_editdist":0,"avg_editdist":0,"editdist_7":0,"editdist_8":0,"editdist_9":0,"editdist_10":0,"editdist_11":0,"editdist_12":0,"editdist_13":0,"editdist_14":0,"editdist_15":0,"editdist_16":0,"editdist_17":0,"nb_tolonger":0,"nb_toshorter":0,"avg_interarrival":0},{"nb_A":0,"nb_W":0,"nb_implicit_W":0,"nb_dup_A":0,"nb_dup_W":0,"nb_A_prefix":0,"nb_W_prefix":0,"max_A_prefix":0,"avg_A_prefix":0,"max_A_AS":0,"avg_A_AS":0,"nb_orign_change":0,"nb_new_A":0,"nb_new_A_afterW":0,"max_path_len":0,"avg_path_len":0,"max_editdist":0,"avg_editdist":0,"editdist_7":0,"editdist_8":0,"editdist_9":0,"editdist_10":0,"editdist_11":0,"editdist_12":0,"editdist_13":0,"editdist_14":0,"editdist_15":0,"editdist_16":0,"editdist_17":0,"nb_tolonger":0,"nb_toshorter":0,"avg_interarrival":0},{"nb_A":0,"nb_W":0,"nb_implicit_W":0,"nb_dup_A":0,"nb_dup_W":0,"nb_A_prefix":0,"nb_W_prefix":0,"max_A_prefix":0,"avg_A_prefix":0,"max_A_AS":0,"avg_A_AS":0,"nb_orign_change":0,"nb_new_A":0,"nb_new_A_afterW":0,"max_path_len":0,"avg_path_len":0,"max_editdist":0,"avg_editdist":0,"editdist_7":0,"editdist_8":0,"editdist_9":0,"editdist_10":0,"editdist_11":0,"editdist_12":0,"editdist_13":0,"editdist_14":0,"editdist_15":0,"editdist_16":0,"editdist_17":0,"nb_tolonger":0,"nb_toshorter":0,"avg_interarrival":0},{"nb_A":0,"nb_W":0,"nb_implicit_W":0,"nb_dup_A":0,"nb_dup_W":0,"nb_A_prefix":0,"nb_W_prefix":0,"max_A_prefix":0,"avg_A_prefix":0,"max_A_AS":0,"avg_A_AS":0,"nb_orign_change":0,"nb_new_A":0,"nb_new_A_afterW":0,"max_path_len":0,"avg_path_len":0,"max_editdist":0,"avg_editdist":0,"editdist_7":0,"editdist_8":0,"editdist_9":0,"editdist_10":0,"editdist_11":0,"editdist_12":0,"editdist_13":0,"editdist_14":0,"editdist_15":0,"editdist_16":0,"editdist_17":0,"nb_tolonger":0,"nb_toshorter":0,"avg_interarrival":0},{"nb_A":0,"nb_W":0,"nb_implicit_W":0,"nb_dup_A":0,"nb_dup_W":0,"nb_A_prefix":0,"nb_W_prefix":0,"max_A_prefix":0,"avg_A_prefix":0,"max_A_AS":0,"avg_A_AS":0,"nb_orign_change":0,"nb_new_A":0,"nb_new_A_afterW":0,"max_path_len":0,"avg_path_len":0,"max_editdist":0,"avg_editdist":0,"editdist_7":0,"editdist_8":0,"editdist_9":0,"editdist_10":0,"editdist_11":0,"editdist_12":0,"editdist_13":0,"editdist_14":0,"editdist_15":0,"editdist_16":0,"editdist_17":0,"nb_tolonger":0,"nb_toshorter":0,"avg_interarrival":0},{"nb_A":0,"nb_W":0,"nb_implicit_W":0,"nb_dup_A":0,"nb_dup_W":0,"nb_A_prefix":0,"nb_W_prefix":0,"max_A_prefix":0,"avg_A_prefix":0,"max_A_AS":0,"avg_A_AS":0,"nb_orign_change":0,"nb_new_A":0,"nb_new_A_afterW":0,"max_path_len":0,"avg_path_len":0,"max_editdist":0,"avg_editdist":0,"editdist_7":0,"editdist_8":0,"editdist_9":0,"editdist_10":0,"editdist_11":0,"editdist_12":0,"editdist_13":0,"editdist_14":0,"editdist_15":0,"editdist_16":0,"editdist_17":0,"nb_tolonger":0,"nb_toshorter":0,"avg_interarrival":0},{"nb_A":0,"nb_W":0,"nb_implicit_W":0,"nb_dup_A":0,"nb_dup_W":0,"nb_A_prefix":0,"nb_W_prefix":0,"max_A_prefix":0,"avg_A_prefix":0,"max_A_AS":0,"avg_A_AS":0,"nb_orign_change":0,"nb_new_A":0,"nb_new_A_afterW":0,"max_path_len":0,"avg_path_len":0,"max_editdist":0,"avg_editdist":0,"editdist_7":0,"editdist_8":0,"editdist_9":0,"editdist_10":0,"editdist_11":0,"editdist_12":0,"editdist_13":0,"editdist_14":0,"editdist_15":0,"editdist_16":0,"editdist_17":0,"nb_tolonger":0,"nb_toshorter":0,"avg_interarrival":0},{"nb_A":0,"nb_W":0,"nb_implicit_W":0,"nb_dup_A":0,"nb_dup_W":0,"nb_A_prefix":0,"nb_W_prefix":0,"max_A_prefix":0,"avg_A_prefix":0,"max_A_AS":0,"avg_A_AS":0,"nb_orign_change":0,"nb_new_A":0,"nb_new_A_afterW":0,"max_path_len":0,"avg_path_len":0,"max_editdist":0,"avg_editdist":0,"editdist_7":0,"editdist_8":0,"editdist_9":0,"editdist_10":0,"editdist_11":0,"editdist_12":0,"editdist_13":0,"editdist_14":0,"editdist_15":0,"editdist_16":0,"editdist_17":0,"nb_tolonger":0,"nb_toshorter":0,"avg_interarrival":0},{"nb_A":0,"nb_W":0,"nb_implicit_W":0,"nb_dup_A":0,"nb_dup_W":0,"nb_A_prefix":0,"nb_W_prefix":0,"max_A_prefix":0,"avg_A_prefix":0,"max_A_AS":0,"avg_A_AS":0,"nb_orign_change":0,"nb_new_A":0,"nb_new_A_afterW":0,"max_path_len":0,"avg_path_len":0,"max_editdist":0,"avg_editdist":0,"editdist_7":0,"editdist_8":0,"editdist_9":0,"editdist_10":0,"editdist_11":0,"editdist_12":0,"editdist_13":0,"editdist_14":0,"editdist_15":0,"editdist_16":0,"editdist_17":0,"nb_tolonger":0,"nb_toshorter":0,"avg_interarrival":0},{"nb_A":0,"nb_W":0,"nb_implicit_W":0,"nb_dup_A":0,"nb_dup_W":0,"nb_A_prefix":0,"nb_W_prefix":0,"max_A_prefix":0,"avg_A_prefix":0,"max_A_AS":0,"avg_A_AS":0,"nb_orign_change":0,"nb_new_A":0,"nb_new_A_afterW":0,"max_path_len":0,"avg_path_len":0,"max_editdist":0,"avg_editdist":0,"editdist_7":0,"editdist_8":0,"editdist_9":0,"editdist_10":0,"editdist_11":0,"editdist_12":0,"editdist_13":0,"editdist_14":0,"editdist_15":0,"editdist_16":0,"editdist_17":0,"nb_tolonger":0,"nb_toshorter":0,"avg_interarrival":0},{"nb_A":0,"nb_W":0,"nb_implicit_W":0,"nb_dup_A":0,"nb_dup_W":0,"nb_A_prefix":0,"nb_W_prefix":0,"max_A_prefix":0,"avg_A_prefix":0,"max_A_AS":0,"avg_A_AS":0,"nb_orign_change":0,"nb_new_A":0,"nb_new_A_afterW":0,"max_path_len":0,"avg_path_len":0,"max_editdist":0,"avg_editdist":0,"editdist_7":0,"editdist_8":0,"editdist_9":0,"editdist_10":0,"editdist_11":0,"editdist_12":0,"editdist_13":0,"editdist_14":0,"editdist_15":0,"editdist_16":0,"editdist_17":0,"nb_tolonger":0,"nb_toshorter":0,"avg_interarrival":0},{"nb_A":0,"nb_W":0,"nb_implicit_W":0,"nb_dup_A":0,"nb_dup_W":0,"nb_A_prefix":0,"nb_W_prefix":0,"max_A_prefix":0,"avg_A_prefix":0,"max_A_AS":0,"avg_A_AS":0,"nb_orign_change":0,"nb_new_A":0,"nb_new_A_afterW":0,"max_path_len":0,"avg_path_len":0,"max_editdist":0,"avg_editdist":0,"editdist_7":0,"editdist_8":0,"editdist_9":0,"editdist_10":0,"editdist_11":0,"editdist_12":0,"editdist_13":0,"editdist_14":0,"editdist_15":0,"editdist_16":0,"editdist_17":0,"nb_tolonger":0,"nb_toshorter":0,"avg_interarrival":0},{"nb_A":0,"nb_W":0,"nb_implicit_W":0,"nb_dup_A":0,"nb_dup_W":0,"nb_A_prefix":0,"nb_W_prefix":0,"max_A_prefix":0,"avg_A_prefix":0,"max_A_AS":0,"avg_A_AS":0,"nb_orign_change":0,"nb_new_A":0,"nb_new_A_afterW":0,"max_path_len":0,"avg_path_len":0,"max_editdist":0,"avg_editdist":0,"editdist_7":0,"editdist_8":0,"editdist_9":0,"editdist_10":0,"editdist_11":0,"editdist_12":0,"editdist_13":0,"editdist_14":0,"editdist_15":0,"editdist_16":0,"editdist_17":0,"nb_tolonger":0,"nb_toshorter":0,"avg_interarrival":0},{"nb_A":0,"nb_W":0,"nb_implicit_W":0,"nb_dup_A":0,"nb_dup_W":0,"nb_A_prefix":0,"nb_W_prefix":0,"max_A_prefix":0,"avg_A_prefix":0,"max_A_AS":0,"avg_A_AS":0,"nb_orign_change":0,"nb_new_A":0,"nb_new_A_afterW":0,"max_path_len":0,"avg_path_len":0,"max_editdist":0,"avg_editdist":0,"editdist_7":0,"editdist_8":0,"editdist_9":0,"editdist_10":0,"editdist_11":0,"editdist_12":0,"editdist_13":0,"editdist_14":0,"editdist_15":0,"editdist_16":0,"editdist_17":0,"nb_tolonger":0,"nb_toshorter":0,"avg_interarrival":0},{"nb_A":0,"nb_W":0,"nb_implicit_W":0,"nb_dup_A":0,"nb_dup_W":0,"nb_A_prefix":0,"nb_W_prefix":0,"max_A_prefix":0,"avg_A_prefix":0,"max_A_AS":0,"avg_A_AS":0,"nb_orign_change":0,"nb_new_A":0,"nb_new_A_afterW":0,"max_path_len":0,"avg_path_len":0,"max_editdist":0,"avg_editdist":0,"editdist_7":0,"editdist_8":0,"editdist_9":0,"editdist_10":0,"editdist_11":0,"editdist_12":0,"editdist_13":0,"editdist_14":0,"editdist_15":0,"editdist_16":0,"editdist_17":0,"nb_tolonger":0,"nb_toshorter":0,"avg_interarrival":0}]