[{"nb_A":1145,"nb_W":0,"nb_implicit_W":14,"nb_dup_A":39,"nb_dup_W":0,"nb_A_prefix":1075,"nb_W_prefix":0,"max_A_prefix":33,"avg_A_prefix":1,"max_A_AS":863,"avg_A_AS":29,"nb_orign_change":0,"nb_new_A":1092,"nb_new_A_afterW":0,"max_path_len":14,"avg_path_len":4,"max_editdist":2,"avg_editdist":1,"editdist_7":0,"editdist_8":0,"editdist_9":0,"editdist_10":0,"editdist_11":0,"editdist_12":0,"editdist_13":0,"editdist_14":0,"editdist_15":0,"editdist_16":0,"editdist_17":0,"nb_tolonger":2,"nb_toshorter":12,"avg_interarrival":47419},{"nb_A":213,"nb_W":0,"nb_implicit_W":113,"nb_dup_A":67,"nb_dup_W":0,"nb_A_prefix":6,"nb_W_prefix":0,"max_A_prefix":196,"avg_A_prefix":36,"max_A_AS":196,"avg_A_AS":53,"nb_orign_change":0,"nb_new_A":33,"nb_new_A_afterW":0,"max_path_len":8,"avg_path_len":6,"max_editdist":4,"avg_editdist":1,"editdist_7":0,"editdist_8":0,"editdist_9":0,"editdist_10":0,"editdist_11":0,"editdist_12":0,"editdist_13":0,"editdist_14":0,"editdist_15":0,"editdist_16":0,"editdist_17":0,"nb_tolonger":26,"nb_toshorter":87,"avg_interarrival":24506},{"nb_A":150,"nb_W":0,"nb_implicit_W":66,"nb_dup_A":36,"nb_dup_W":0,"nb_A_prefix":4,"nb_W_prefix":0,"max_A_prefix":127,"avg_A_prefix":38,"max_A_AS":127,"avg_A_AS":38,"nb_orign_change":0,"nb_new_A":48,"nb_new_A_afterW":0,"max_path_len":11,"avg_path_len":8,"max_editdist":3,"avg_editdist":1,"editdist_7":0,"editdist_8":0,"editdist_9":0,"editdist_10":0,"editdist_11":0,"editdist_12":0,"editdist_13":0,"editdist_14":0,"editdist_15":0,"editdist_16":0,"editdist_17":0,"nb_tolonger":27,"nb_toshorter":39,"avg_interarrival":28218},{"nb_A":56,"nb_W":0,"nb_implicit_W":0,"nb_dup_A":26,"nb_dup_W":0,"nb_A_prefix":8,"nb_W_prefix":0,"max_A_prefix":18,"avg_A_prefix":7,"max_A_AS":36,"avg_A_AS":19,"nb_orign_change":0,"nb_new_A":30,"nb_new_A_afterW":0,"max_path_len":8,"avg_path_len":5,"max_editdist":0,"avg_editdist":0,"editdist_7":0,"editdist_8":0,"editdist_9":0,"editdist_10":0,"editdist_11":0,"editdist_12":0,"editdist_13":0,"editdist_14":0,"editdist_15":0,"editdist_16":0,"editdist_17":0,"nb_tolonger":0,"nb_toshorter":0,"avg_interarrival":88062},{"nb_A":104,"nb_W":0,"nb_implicit_W":37,"nb_dup_A":29,"nb_dup_W":0,"nb_A_prefix":4,"nb_W_prefix":0,"max_A_prefix":85,"avg_A_prefix":26,"max_A_AS":85,"avg_A_AS":26,"nb_orign_change":0,"nb_new_A":38,"nb_new_A_afterW":0,"max_path_len":12,"avg_path_len":8,"max_editdist":3,"avg_editdist":1,"editdist_7":0,"editdist_8":0,"editdist_9":0,"editdist_10":0,"editdist_11":0,"editdist_12":0,"editdist_13":0,"editdist_14":0,"editdist_15":0,"editdist_16":0,"editdist_17":0,"nb_tolonger":19,"nb_toshorter":18,"avg_interarrival":23269},{"nb_A":62,"nb_W":0,"nb_implicit_W":12,"nb_dup_A":12,"nb_dup_W":0,"nb_A_prefix":6,"nb_W_prefix":0,"max_A_prefix":50,"avg_A_prefix":10,"max_A_AS":50,"avg_A_AS":12,"nb_orign_change":0,"nb_new_A":38,"nb_new_A_afterW":0,"max_path_len":15,"avg_path_len":7,"max_editdist":3,"avg_editdist":1,"editdist_7":0,"editdist_8":0,"editdist_9":0,"editdist_10":0,"editdist_11":0,"editdist_12":0,"editdist_13":0,"editdist_14":0,"editdist_15":0,"editdist_16":0,"editdist_17":0,"nb_tolonger":1,"nb_toshorter":11,"avg_interarrival":63760},{"nb_A":0,"nb_W":0,"nb_implicit_W":0,"nb_dup_A":0,"nb_dup_W":0,"nb_A_prefix":0,"nb_W_prefix":0,"max_A_prefix":0,"avg_A_prefix":0,"max_A_AS":0,"avg_A_AS":0,"nb_orign_change":0,"nb_new_A":0,"nb_new_A_afterW":0,"max_path_len":0,"avg_path_len":0,"max_editdist":0,"avg_editdist":0,"editdist_7":0,"editdist_8":0,"editdist_9":0,"editdist_10":0,"editdist_11":0,"editdist_12":0,"editdist_13":0,"editdist_14":0,"editdist_15":0,"editdist_16":0,"editdist_17":0,"nb_tolonger":0,"nb_toshorter":0,"avg_interarrival":0},{"nb_A":198,"nb_W":0,"nb_implicit_W":73,"nb_dup_A":38,"nb_dup_W":0,"nb_A_prefix":31,"nb_W_prefix":0,"max_A_prefix":33,"avg_A_prefix":6,"max_A_AS":95,"avg_A_AS":25,"nb_orign_change":0,"nb_new_A":87,"nb_new_A_afterW":0,"max_path_len":14,"avg_path_len":7,"max_editdist":4,"avg_editdist":2,"editdist_7":0,"editdist_8":0,"editdist_9":0,"editdist_10":0,"editdist_11":0,"editdist_12":0,"editdist_13":0,"editdist_14":0,"editdist_15":0,"editdist_16":0,"editdist_17":0,"nb_tolonger":21,"nb_toshorter":52,"avg_interarrival":44042},{"nb_A":114,"nb_W":0,"nb_implicit_W":24,"nb_dup_A":53,"nb_dup_W":0,"nb_A_prefix":17,"nb_W_prefix":0,"max_A_prefix":32,"avg_A_prefix":7,"max_A_AS":64,"avg_A_AS":16,"nb_orign_change":0,"nb_new_A":37,"nb_new_A_afterW":0,"max_path_len":13,"avg_path_len":8,"max_editdist":2,"avg_editdist":2,"editdist_7":0,"editdist_8":0,"editdist_9":0,"editdist_10":0,"editdist_11":0,"editdist_12":0,"editdist_13":0,"editdist_14":0,"editdist_15":0,"editdist_16":0,"editdist_17":0,"nb_tolonger":9,"nb_toshorter":15,"avg_interarrival":41301},{"nb_A":1843,"nb_W":0,"nb_implicit_W":960,"nb_dup_A":377,"nb_dup_W":0,"nb_A_prefix":36,"nb_W_prefix":0,"max_A_prefix":130,"avg_A_prefix":51,"max_A_AS":1548,"avg_A_AS":168,"nb_orign_change":0,"nb_new_A":506,"nb_new_A_afterW":0,"max_path_len":19,"avg_path_len":12,"max_editdist":7,"avg_editdist":3,"editdist_7":39,"editdist_8":0,"editdist_9":0,"editdist_10":0,"editdist_11":0,"editdist_12":0,"editdist_13":0,"editdist_14":0,"editdist_15":0,"editdist_16":0,"editdist_17":0,"nb_tolonger":474,"nb_toshorter":486,"avg_interarrival":20172},{"nb_A":6474,"nb_W":0,"nb_implicit_W":3607,"nb_dup_A":1160,"nb_dup_W":0,"nb_A_prefix":128,"nb_W_prefix":0,"max_A_prefix":163,"avg_A_prefix":51,"max_A_AS":1838,"avg_A_AS":240,"nb_orign_change":3,"nb_new_A":1707,"nb_new_A_afterW":0,"max_path_len":20,"avg_path_len":9,"max_editdist":7,"avg_editdist":1,"editdist_7":1,"editdist_8":0,"editdist_9":0,"editdist_10":0,"editdist_11":0,"editdist_12":0,"editdist_13":0,"editdist_14":0,"editdist_15":0,"editdist_16":0,"editdist_17":0,"nb_tolonger":949,"nb_toshorter":2658,"avg_interarrival":8216},{"nb_A":265,"nb_W":0,"nb_implicit_W":88,"nb_dup_A":81,"nb_dup_W":0,"nb_A_prefix":48,"nb_W_prefix":0,"max_A_prefix":31,"avg_A_prefix":6,"max_A_AS":39,"avg_A_AS":16,"nb_orign_change":1,"nb_new_A":96,"nb_new_A_afterW":0,"max_path_len":21,"avg_path_len":9,"max_editdist":5,"avg_editdist":2,"editdist_7":0,"editdist_8":0,"editdist_9":0,"editdist_10":0,"editdist_11":0,"editdist_12":0,"editdist_13":0,"editdist_14":0,"editdist_15":0,"editdist_16":0,"editdist_17":0,"nb_tolonger":22,"nb_toshorter":66,"avg_interarrival":29319},{"nb_A":75,"nb_W":0,"nb_implicit_W":23,"nb_dup_A":50,"nb_dup_W":0,"nb_A_prefix":6,"nb_W_prefix":0,"max_A_prefix":33,"avg_A_prefix":12,"max_A_AS":41,"avg_A_AS":25,"nb_orign_change":0,"nb_new_A":2,"nb_new_A_afterW":0,"max_path_len":10,"avg_path_len":8,"max_editdist":4,"avg_editdist":2,"editdist_7":0,"editdist_8":0,"editdist_9":0,"editdist_10":0,"editdist_11":0,"editdist_12":0,"editdist_13":0,"editdist_14":0,"editdist_15":0,"editdist_16":0,"editdist_17":0,"nb_tolonger":11,"nb_toshorter":12,"avg_interarrival":83343},{"nb_A":2090,"nb_W":0,"nb_implicit_W":110,"nb_dup_A":135,"nb_dup_W":0,"nb_A_prefix":1695,"nb_W_prefix":0,"max_A_prefix":30,"avg_A_prefix":1,"max_A_AS":913,"avg_A_AS":16,"nb_orign_change":0,"nb_new_A":1845,"nb_new_A_afterW":0,"max_path_len":18,"avg_path_len":5,"max_editdist":4,"avg_editdist":2,"editdist_7":0,"editdist_8":0,"editdist_9":0,"editdist_10":0,"editdist_11":0,"editdist_12":0,"editdist_13":0,"editdist_14":0,"editdist_15":0,"editdist_16":0,"editdist_17":0,"nb_tolonger":44,"nb_toshorter":66,"avg_interarrival":21600},{"nb_A":175,"nb_W":0,"nb_implicit_W":93,"nb_dup_A":31,"nb_dup_W":0,"nb_A_prefix":29,"nb_W_prefix":0,"max_A_prefix":81,"avg_A_prefix":6,"max_A_AS":81,"avg_A_AS":13,"nb_orign_change":0,"nb_new_A":51,"nb_new_A_afterW":0,"max_path_len":20,"avg_path_len":6,"max_editdist":3,"avg_editdist":2,"editdist_7":0,"editdist_8":0,"editdist_9":0,"editdist_10":0,"editdist_11":0,"editdist_12":0,"editdist_13":0,"editdist_14":0,"editdist_15":0,"editdist_16":0,"editdist_17":0,"nb_tolonger":38,"nb_toshorter":55,"avg_interarrival":55092},{"nb_A":349,"nb_W":0,"nb_implicit_W":134,"nb_dup_A":174,"nb_dup_W":0,"nb_A_prefix":64,"nb_W_prefix":0,"max_A_prefix":125,"avg_A_prefix":5,"max_A_AS":225,"avg_A_AS":44,"nb_orign_change":0,"nb_new_A":41,"nb_new_A_afterW":0,"max_path_len":13,"avg_path_len":5,"max_editdist":3,"avg_editdist":1,"editdist_7":0,"editdist_8":0,"editdist_9":0,"editdist_10":0,"editdist_11":0,"editdist_12":0,"editdist_13":0,"editdist_14":0,"editdist_15":0,"editdist_16":0,"editdist_17":0,"nb_tolonger":24,"nb_toshorter":110,"avg_interarrival":22799},{"nb_A":105,"nb_W":0,"nb_implicit_W":22,"nb_dup_A":61,"nb_dup_W":0,"nb_A_prefix":10,"nb_W_prefix":0,"max_A_prefix":22,"avg_A_prefix":10,"max_A_AS":85,"avg_A_AS":35,"nb_orign_change":0,"nb_new_A":22,"nb_new_A_afterW":0,"max_path_len":7,"avg_path_len":6,"max_editdist":4,"avg_editdist":2,"editdist_7":0,"editdist_8":0,"editdist_9":0,"editdist_10":0,"editdist_11":0,"editdist_12":0,"editdist_13":0,"editdist_14":0,"editdist_15":0,"editdist_16":0,"editdist_17":0,"nb_tolonger":2,"nb_toshorter":20,"avg_interarrival":44809},{"nb_A":105,"nb_W":0,"nb_implicit_W":36,"nb_dup_A":24,"nb_dup_W":0,"nb_A_prefix":28,"nb_W_prefix":0,"max_A_prefix":16,"avg_A_prefix":4,"max_A_AS":78,"avg_A_AS":8,"nb_orign_change":0,"nb_new_A":45,"nb_new_A_afterW":0,"max_path_len":8,"avg_path_len":6,"max_editdist":2,"avg_editdist":1,"editdist_7":0,"editdist_8":0,"editdist_9":0,"editdist_10":0,"editdist_11":0,"editdist_12":0,"editdist_13":0,"editdist_14":0,"editdist_15":0,"editdist_16":0,"editdist_17":0,"nb_tolonger":20,"nb_toshorter":16,"avg_interarrival":90933},{"nb_A":1109,"nb_W":0,"nb_implicit_W":4,"nb_dup_A":1081,"nb_dup_W":0,"nb_A_prefix":1094,"nb_W_prefix":0,"max_A_prefix":16,"avg_A_prefix":1,"max_A_AS":862,"avg_A_AS":26,"nb_orign_change":0,"nb_new_A":24,"nb_new_A_afterW":0,"max_path_len":14,"avg_path_len":4,"max_editdist":1,"avg_editdist":1,"editdist_7":0,"editdist_8":0,"editdist_9":0,"editdist_10":0,"editdist_11":0,"editdist_12":0,"editdist_13":0,"editdist_14":0,"editdist_15":0,"editdist_16":0,"editdist_17":0,"nb_tolonger":0,"nb_toshorter":4,"avg_interarrival":56591},{"nb_A":14,"nb_W":0,"nb_implicit_W":0,"nb_dup_A":4,"nb_dup_W":0,"nb_A_prefix":2,"nb_W_prefix":0,"max_A_prefix":9,"avg_A_prefix":7,"max_A_AS":0,"avg_A_AS":0,"nb_orign_change":0,"nb_new_A":10,"nb_new_A_afterW":0,"max_path_len":6,"avg_path_len":5,"max_editdist":0,"avg_editdist":0,"editdist_7":0,"editdist_8":0,"editdist_9":0,"editdist_10":0,"editdist_11":0,"editdist_12":0,"editdist_13":0,"editdist_14":0,"editdist_15":0,"editdist_16":0,"editdist_17":0,"nb_tolonger":0,"nb_toshorter":0,"avg_interarrival":4833},{"nb_A":1804,"nb_W":0,"nb_implicit_W":152,"nb_dup_A":341,"nb_dup_W":0,"nb_A_prefix":228,"nb_W_prefix":0,"max_A_prefix":35,"avg_A_prefix":8,"max_A_AS":761,"avg_A_AS":60,"nb_orign_change":0,"nb_new_A":1311,"nb_new_A_afterW":0,"max_path_len":19,"avg_path_len":8,"max_editdist":3,"avg_editdist":2,"editdist_7":0,"editdist_8":0,"editdist_9":0,"editdist_10":0,"editdist_11":0,"editdist_12":0,"editdist_13":0,"editdist_14":0,"editdist_15":0,"editdist_16":0,"editdist_17":0,"nb_tolonger":32,"nb_toshorter":120,"avg_interarrival":18832},{"nb_A":4,"nb_W":0,"nb_implicit_W":2,"nb_dup_A":2,"nb_dup_W":0,"nb_A_prefix":2,"nb_W_prefix":0,"max_A_prefix":2,"avg_A_prefix":2,"max_A_AS":0,"avg_A_AS":0,"nb_orign_change":0,"nb_new_A":0,"nb_new_A_afterW":0,"max_path_len":12,"avg_path_len":12,"max_editdist":3,"avg_editdist":3,"editdist_7":0,"editdist_8":0,"editdist_9":0,"editdist_10":0,"editdist_11":0,"editdist_12":0,"editdist_13":0,"editdist_14":0,"editdist_15":0,"editdist_16":0,"editdist_17":0,"nb_tolonger":0,"nb_toshorter":2,"avg_interarrival":0},{"nb_A":0,"nb_W":0,"nb_implicit_W":0,"nb_dup_A":0,"nb_dup_W":0,"nb_A_prefix":0,"nb_W_prefix":0,"max_A_prefix":0,"avg_A_prefix":0,"max_A_AS":0,"avg_A_AS":0,"nb_orign_change":0,"nb_new_A":0,"nb_new_A_afterW":0,"max_path_len":0,"avg_path_len":0,"max_editdist":0,"avg_editdist":0,"editdist_7":0,"editdist_8":0,"editdist_9":0,"editdist_10":0,"editdist_11":0,"editdist_12":0,"editdist_13":0,"editdist_14":0,"editdist_15":0,"editdist_16":0,"editdist_17":0,"nb_tolonger":0,"nb_toshorter":0,"avg_interarrival":0}]