[{"nb_A":1812,"nb_W":0,"nb_implicit_W":191,"nb_dup_A":65,"nb_dup_W":0,"nb_A_prefix":1537,"nb_W_prefix":0,"max_A_prefix":153,"avg_A_prefix":1,"max_A_AS":873,"avg_A_AS":31,"nb_orign_change":0,"nb_new_A":1556,"nb_new_A_afterW":0,"max_path_len":10,"avg_path_len":4,"max_editdist":5,"avg_editdist":3,"editdist_7":0,"editdist_8":0,"editdist_9":0,"editdist_10":0,"editdist_11":0,"editdist_12":0,"editdist_13":0,"editdist_14":0,"editdist_15":0,"editdist_16":0,"editdist_17":0,"nb_tolonger":59,"nb_toshorter":132,"avg_interarrival":14397},{"nb_A":242,"nb_W":0,"nb_implicit_W":149,"nb_dup_A":59,"nb_dup_W":0,"nb_A_prefix":25,"nb_W_prefix":0,"max_A_prefix":139,"avg_A_prefix":10,"max_A_AS":139,"avg_A_AS":40,"nb_orign_change":0,"nb_new_A":34,"nb_new_A_afterW":0,"max_path_len":10,"avg_path_len":7,"max_editdist":4,"avg_editdist":3,"editdist_7":0,"editdist_8":0,"editdist_9":0,"editdist_10":0,"editdist_11":0,"editdist_12":0,"editdist_13":0,"editdist_14":0,"editdist_15":0,"editdist_16":0,"editdist_17":0,"nb_tolonger":59,"nb_toshorter":90,"avg_interarrival":18957},{"nb_A":1051,"nb_W":0,"nb_implicit_W":526,"nb_dup_A":267,"nb_dup_W":0,"nb_A_prefix":113,"nb_W_prefix":0,"max_A_prefix":157,"avg_A_prefix":9,"max_A_AS":648,"avg_A_AS":117,"nb_orign_change":0,"nb_new_A":258,"nb_new_A_afterW":0,"max_path_len":16,"avg_path_len":5,"max_editdist":13,"avg_editdist":2,"editdist_7":3,"editdist_8":1,"editdist_9":0,"editdist_10":4,"editdist_11":1,"editdist_12":1,"editdist_13":1,"editdist_14":0,"editdist_15":0,"editdist_16":0,"editdist_17":0,"nb_tolonger":97,"nb_toshorter":429,"avg_interarrival":9113},{"nb_A":245,"nb_W":0,"nb_implicit_W":159,"nb_dup_A":48,"nb_dup_W":0,"nb_A_prefix":31,"nb_W_prefix":0,"max_A_prefix":132,"avg_A_prefix":8,"max_A_AS":132,"avg_A_AS":49,"nb_orign_change":0,"nb_new_A":38,"nb_new_A_afterW":0,"max_path_len":10,"avg_path_len":6,"max_editdist":5,"avg_editdist":3,"editdist_7":0,"editdist_8":0,"editdist_9":0,"editdist_10":0,"editdist_11":0,"editdist_12":0,"editdist_13":0,"editdist_14":0,"editdist_15":0,"editdist_16":0,"editdist_17":0,"nb_tolonger":59,"nb_toshorter":100,"avg_interarrival":20023},{"nb_A":341,"nb_W":0,"nb_implicit_W":131,"nb_dup_A":136,"nb_dup_W":0,"nb_A_prefix":143,"nb_W_prefix":0,"max_A_prefix":111,"avg_A_prefix":2,"max_A_AS":145,"avg_A_AS":38,"nb_orign_change":0,"nb_new_A":74,"nb_new_A_afterW":0,"max_path_len":10,"avg_path_len":6,"max_editdist":5,"avg_editdist":3,"editdist_7":0,"editdist_8":0,"editdist_9":0,"editdist_10":0,"editdist_11":0,"editdist_12":0,"editdist_13":0,"editdist_14":0,"editdist_15":0,"editdist_16":0,"editdist_17":0,"nb_tolonger":46,"nb_toshorter":85,"avg_interarrival":22231},{"nb_A":1571,"nb_W":0,"nb_implicit_W":358,"nb_dup_A":417,"nb_dup_W":0,"nb_A_prefix":736,"nb_W_prefix":0,"max_A_prefix":159,"avg_A_prefix":2,"max_A_AS":1042,"avg_A_AS":79,"nb_orign_change":0,"nb_new_A":796,"nb_new_A_afterW":0,"max_path_len":10,"avg_path_len":4,"max_editdist":5,"avg_editdist":2,"editdist_7":0,"editdist_8":0,"editdist_9":0,"editdist_10":0,"editdist_11":0,"editdist_12":0,"editdist_13":0,"editdist_14":0,"editdist_15":0,"editdist_16":0,"editdist_17":0,"nb_tolonger":70,"nb_toshorter":288,"avg_interarrival":11161},{"nb_A":1032,"nb_W":0,"nb_implicit_W":600,"nb_dup_A":282,"nb_dup_W":0,"nb_A_prefix":71,"nb_W_prefix":0,"max_A_prefix":246,"avg_A_prefix":15,"max_A_AS":851,"avg_A_AS":172,"nb_orign_change":0,"nb_new_A":150,"nb_new_A_afterW":0,"max_path_len":17,"avg_path_len":6,"max_editdist":14,"avg_editdist":3,"editdist_7":17,"editdist_8":3,"editdist_9":0,"editdist_10":3,"editdist_11":5,"editdist_12":5,"editdist_13":0,"editdist_14":3,"editdist_15":0,"editdist_16":0,"editdist_17":0,"nb_tolonger":257,"nb_toshorter":343,"avg_interarrival":6796},{"nb_A":1082,"nb_W":0,"nb_implicit_W":286,"nb_dup_A":758,"nb_dup_W":0,"nb_A_prefix":686,"nb_W_prefix":0,"max_A_prefix":126,"avg_A_prefix":2,"max_A_AS":539,"avg_A_AS":47,"nb_orign_change":0,"nb_new_A":38,"nb_new_A_afterW":0,"max_path_len":18,"avg_path_len":5,"max_editdist":5,"avg_editdist":2,"editdist_7":0,"editdist_8":0,"editdist_9":0,"editdist_10":0,"editdist_11":0,"editdist_12":0,"editdist_13":0,"editdist_14":0,"editdist_15":0,"editdist_16":0,"editdist_17":0,"nb_tolonger":72,"nb_toshorter":214,"avg_interarrival":12559},{"nb_A":1486,"nb_W":0,"nb_implicit_W":449,"nb_dup_A":778,"nb_dup_W":0,"nb_A_prefix":643,"nb_W_prefix":0,"max_A_prefix":181,"avg_A_prefix":2,"max_A_AS":730,"avg_A_AS":78,"nb_orign_change":0,"nb_new_A":259,"nb_new_A_afterW":0,"max_path_len":10,"avg_path_len":5,"max_editdist":5,"avg_editdist":2,"editdist_7":0,"editdist_8":0,"editdist_9":0,"editdist_10":0,"editdist_11":0,"editdist_12":0,"editdist_13":0,"editdist_14":0,"editdist_15":0,"editdist_16":0,"editdist_17":0,"nb_tolonger":123,"nb_toshorter":326,"avg_interarrival":15640},{"nb_A":519,"nb_W":0,"nb_implicit_W":220,"nb_dup_A":187,"nb_dup_W":0,"nb_A_prefix":200,"nb_W_prefix":0,"max_A_prefix":44,"avg_A_prefix":3,"max_A_AS":239,"avg_A_AS":74,"nb_orign_change":0,"nb_new_A":112,"nb_new_A_afterW":0,"max_path_len":10,"avg_path_len":5,"max_editdist":5,"avg_editdist":2,"editdist_7":0,"editdist_8":0,"editdist_9":0,"editdist_10":0,"editdist_11":0,"editdist_12":0,"editdist_13":0,"editdist_14":0,"editdist_15":0,"editdist_16":0,"editdist_17":0,"nb_tolonger":25,"nb_toshorter":195,"avg_interarrival":29512},{"nb_A":1378,"nb_W":0,"nb_implicit_W":400,"nb_dup_A":798,"nb_dup_W":0,"nb_A_prefix":783,"nb_W_prefix":0,"max_A_prefix":119,"avg_A_prefix":2,"max_A_AS":899,"avg_A_AS":92,"nb_orign_change":0,"nb_new_A":180,"nb_new_A_afterW":0,"max_path_len":11,"avg_path_len":4,"max_editdist":15,"avg_editdist":3,"editdist_7":6,"editdist_8":6,"editdist_9":1,"editdist_10":3,"editdist_11":5,"editdist_12":5,"editdist_13":3,"editdist_14":0,"editdist_15":1,"editdist_16":0,"editdist_17":0,"nb_tolonger":66,"nb_toshorter":334,"avg_interarrival":13961},{"nb_A":822,"nb_W":0,"nb_implicit_W":447,"nb_dup_A":37,"nb_dup_W":0,"nb_A_prefix":358,"nb_W_prefix":0,"max_A_prefix":116,"avg_A_prefix":2,"max_A_AS":537,"avg_A_AS":59,"nb_orign_change":0,"nb_new_A":338,"nb_new_A_afterW":0,"max_path_len":10,"avg_path_len":5,"max_editdist":5,"avg_editdist":3,"editdist_7":0,"editdist_8":0,"editdist_9":0,"editdist_10":0,"editdist_11":0,"editdist_12":0,"editdist_13":0,"editdist_14":0,"editdist_15":0,"editdist_16":0,"editdist_17":0,"nb_tolonger":53,"nb_toshorter":394,"avg_interarrival":18387},{"nb_A":317,"nb_W":0,"nb_implicit_W":182,"nb_dup_A":110,"nb_dup_W":0,"nb_A_prefix":67,"nb_W_prefix":0,"max_A_prefix":182,"avg_A_prefix":5,"max_A_AS":183,"avg_A_AS":53,"nb_orign_change":0,"nb_new_A":25,"nb_new_A_afterW":0,"max_path_len":10,"avg_path_len":6,"max_editdist":5,"avg_editdist":3,"editdist_7":0,"editdist_8":0,"editdist_9":0,"editdist_10":0,"editdist_11":0,"editdist_12":0,"editdist_13":0,"editdist_14":0,"editdist_15":0,"editdist_16":0,"editdist_17":0,"nb_tolonger":58,"nb_toshorter":124,"avg_interarrival":17071},{"nb_A":2082,"nb_W":0,"nb_implicit_W":511,"nb_dup_A":483,"nb_dup_W":0,"nb_A_prefix":214,"nb_W_prefix":0,"max_A_prefix":134,"avg_A_prefix":10,"max_A_AS":1308,"avg_A_AS":160,"nb_orign_change":0,"nb_new_A":1088,"nb_new_A_afterW":0,"max_path_len":10,"avg_path_len":4,"max_editdist":7,"avg_editdist":2,"editdist_7":2,"editdist_8":0,"editdist_9":0,"editdist_10":0,"editdist_11":0,"editdist_12":0,"editdist_13":0,"editdist_14":0,"editdist_15":0,"editdist_16":0,"editdist_17":0,"nb_tolonger":101,"nb_toshorter":410,"avg_interarrival":7063},{"nb_A":1430,"nb_W":0,"nb_implicit_W":288,"nb_dup_A":276,"nb_dup_W":0,"nb_A_prefix":914,"nb_W_prefix":0,"max_A_prefix":128,"avg_A_prefix":2,"max_A_AS":848,"avg_A_AS":46,"nb_orign_change":0,"nb_new_A":866,"nb_new_A_afterW":0,"max_path_len":11,"avg_path_len":5,"max_editdist":4,"avg_editdist":3,"editdist_7":0,"editdist_8":0,"editdist_9":0,"editdist_10":0,"editdist_11":0,"editdist_12":0,"editdist_13":0,"editdist_14":0,"editdist_15":0,"editdist_16":0,"editdist_17":0,"nb_tolonger":76,"nb_toshorter":212,"avg_interarrival":9914},{"nb_A":820,"nb_W":0,"nb_implicit_W":514,"nb_dup_A":154,"nb_dup_W":0,"nb_A_prefix":188,"nb_W_prefix":0,"max_A_prefix":137,"avg_A_prefix":4,"max_A_AS":468,"avg_A_AS":46,"nb_orign_change":0,"nb_new_A":152,"nb_new_A_afterW":0,"max_path_len":11,"avg_path_len":5,"max_editdist":6,"avg_editdist":2,"editdist_7":0,"editdist_8":0,"editdist_9":0,"editdist_10":0,"editdist_11":0,"editdist_12":0,"editdist_13":0,"editdist_14":0,"editdist_15":0,"editdist_16":0,"editdist_17":0,"nb_tolonger":225,"nb_toshorter":289,"avg_interarrival":14686},{"nb_A":596,"nb_W":0,"nb_implicit_W":249,"nb_dup_A":215,"nb_dup_W":0,"nb_A_prefix":215,"nb_W_prefix":0,"max_A_prefix":146,"avg_A_prefix":3,"max_A_AS":171,"avg_A_AS":28,"nb_orign_change":0,"nb_new_A":132,"nb_new_A_afterW":0,"max_path_len":10,"avg_path_len":5,"max_editdist":5,"avg_editdist":3,"editdist_7":0,"editdist_8":0,"editdist_9":0,"editdist_10":0,"editdist_11":0,"editdist_12":0,"editdist_13":0,"editdist_14":0,"editdist_15":0,"editdist_16":0,"editdist_17":0,"nb_tolonger":79,"nb_toshorter":170,"avg_interarrival":11934},{"nb_A":382,"nb_W":0,"nb_implicit_W":136,"nb_dup_A":225,"nb_dup_W":0,"nb_A_prefix":191,"nb_W_prefix":0,"max_A_prefix":136,"avg_A_prefix":2,"max_A_AS":138,"avg_A_AS":19,"nb_orign_change":0,"nb_new_A":21,"nb_new_A_afterW":0,"max_path_len":10,"avg_path_len":6,"max_editdist":4,"avg_editdist":4,"editdist_7":0,"editdist_8":0,"editdist_9":0,"editdist_10":0,"editdist_11":0,"editdist_12":0,"editdist_13":0,"editdist_14":0,"editdist_15":0,"editdist_16":0,"editdist_17":0,"nb_tolonger":58,"nb_toshorter":78,"avg_interarrival":20299},{"nb_A":1311,"nb_W":0,"nb_implicit_W":370,"nb_dup_A":937,"nb_dup_W":0,"nb_A_prefix":853,"nb_W_prefix":0,"max_A_prefix":254,"avg_A_prefix":2,"max_A_AS":814,"avg_A_AS":45,"nb_orign_change":0,"nb_new_A":4,"nb_new_A_afterW":0,"max_path_len":16,"avg_path_len":5,"max_editdist":13,"avg_editdist":3,"editdist_7":2,"editdist_8":5,"editdist_9":0,"editdist_10":2,"editdist_11":0,"editdist_12":1,"editdist_13":1,"editdist_14":0,"editdist_15":0,"editdist_16":0,"editdist_17":0,"nb_tolonger":124,"nb_toshorter":246,"avg_interarrival":10509},{"nb_A":993,"nb_W":0,"nb_implicit_W":159,"nb_dup_A":138,"nb_dup_W":0,"nb_A_prefix":433,"nb_W_prefix":0,"max_A_prefix":107,"avg_A_prefix":2,"max_A_AS":697,"avg_A_AS":76,"nb_orign_change":0,"nb_new_A":696,"nb_new_A_afterW":0,"max_path_len":10,"avg_path_len":4,"max_editdist":4,"avg_editdist":3,"editdist_7":0,"editdist_8":0,"editdist_9":0,"editdist_10":0,"editdist_11":0,"editdist_12":0,"editdist_13":0,"editdist_14":0,"editdist_15":0,"editdist_16":0,"editdist_17":0,"nb_tolonger":47,"nb_toshorter":112,"avg_interarrival":20061},{"nb_A":329,"nb_W":0,"nb_implicit_W":175,"nb_dup_A":152,"nb_dup_W":0,"nb_A_prefix":135,"nb_W_prefix":0,"max_A_prefix":156,"avg_A_prefix":2,"max_A_AS":162,"avg_A_AS":37,"nb_orign_change":0,"nb_new_A":2,"nb_new_A_afterW":0,"max_path_len":10,"avg_path_len":6,"max_editdist":5,"avg_editdist":3,"editdist_7":0,"editdist_8":0,"editdist_9":0,"editdist_10":0,"editdist_11":0,"editdist_12":0,"editdist_13":0,"editdist_14":0,"editdist_15":0,"editdist_16":0,"editdist_17":0,"nb_tolonger":61,"nb_toshorter":114,"avg_interarrival":18696},{"nb_A":244,"nb_W":0,"nb_implicit_W":177,"nb_dup_A":63,"nb_dup_W":0,"nb_A_prefix":40,"nb_W_prefix":0,"max_A_prefix":147,"avg_A_prefix":6,"max_A_AS":154,"avg_A_AS":61,"nb_orign_change":0,"nb_new_A":4,"nb_new_A_afterW":0,"max_path_len":10,"avg_path_len":7,"max_editdist":5,"avg_editdist":3,"editdist_7":0,"editdist_8":0,"editdist_9":0,"editdist_10":0,"editdist_11":0,"editdist_12":0,"editdist_13":0,"editdist_14":0,"editdist_15":0,"editdist_16":0,"editdist_17":0,"nb_tolonger":62,"nb_toshorter":115,"avg_interarrival":18979},{"nb_A":519,"nb_W":0,"nb_implicit_W":141,"nb_dup_A":263,"nb_dup_W":0,"nb_A_prefix":256,"nb_W_prefix":0,"max_A_prefix":114,"avg_A_prefix":2,"max_A_AS":236,"avg_A_AS":26,"nb_orign_change":0,"nb_new_A":115,"nb_new_A_afterW":0,"max_path_len":10,"avg_path_len":5,"max_editdist":5,"avg_editdist":3,"editdist_7":0,"editdist_8":0,"editdist_9":0,"editdist_10":0,"editdist_11":0,"editdist_12":0,"editdist_13":0,"editdist_14":0,"editdist_15":0,"editdist_16":0,"editdist_17":0,"nb_tolonger":44,"nb_toshorter":97,"avg_interarrival":20629}]