[{"nb_A":51140,"nb_W":0,"nb_implicit_W":10357,"nb_dup_A":23999,"nb_dup_W":0,"nb_A_prefix":13849,"nb_W_prefix":0,"max_A_prefix":9323,"avg_A_prefix":4,"max_A_AS":9323,"avg_A_AS":32,"nb_orign_change":77,"nb_new_A":16784,"nb_new_A_afterW":0,"max_path_len":37,"avg_path_len":6,"max_editdist":26,"avg_editdist":2,"editdist_7":30,"editdist_8":6,"editdist_9":11,"editdist_10":47,"editdist_11":19,"editdist_12":0,"editdist_13":4,"editdist_14":4,"editdist_15":1,"editdist_16":18,"editdist_17":3,"nb_tolonger":2613,"nb_toshorter":7744,"avg_interarrival":1053},{"nb_A":39397,"nb_W":0,"nb_implicit_W":9191,"nb_dup_A":24944,"nb_dup_W":0,"nb_A_prefix":4027,"nb_W_prefix":0,"max_A_prefix":9867,"avg_A_prefix":10,"max_A_AS":9867,"avg_A_AS":46,"nb_orign_change":51,"nb_new_A":5262,"nb_new_A_afterW":0,"max_path_len":20,"avg_path_len":6,"max_editdist":14,"avg_editdist":2,"editdist_7":41,"editdist_8":37,"editdist_9":10,"editdist_10":41,"editdist_11":28,"editdist_12":1,"editdist_13":3,"editdist_14":7,"editdist_15":0,"editdist_16":0,"editdist_17":0,"nb_tolonger":2515,"nb_toshorter":6676,"avg_interarrival":1050},{"nb_A":40890,"nb_W":0,"nb_implicit_W":9012,"nb_dup_A":25390,"nb_dup_W":0,"nb_A_prefix":4509,"nb_W_prefix":0,"max_A_prefix":9879,"avg_A_prefix":9,"max_A_AS":9879,"avg_A_AS":48,"nb_orign_change":59,"nb_new_A":6488,"nb_new_A_afterW":0,"max_path_len":21,"avg_path_len":6,"max_editdist":17,"avg_editdist":2,"editdist_7":34,"editdist_8":68,"editdist_9":10,"editdist_10":73,"editdist_11":31,"editdist_12":33,"editdist_13":32,"editdist_14":9,"editdist_15":1,"editdist_16":1,"editdist_17":1,"nb_tolonger":2498,"nb_toshorter":6514,"avg_interarrival":1040},{"nb_A":39772,"nb_W":0,"nb_implicit_W":11641,"nb_dup_A":22604,"nb_dup_W":0,"nb_A_prefix":3788,"nb_W_prefix":0,"max_A_prefix":9206,"avg_A_prefix":10,"max_A_AS":9206,"avg_A_AS":57,"nb_orign_change":85,"nb_new_A":5527,"nb_new_A_afterW":0,"max_path_len":31,"avg_path_len":6,"max_editdist":15,"avg_editdist":2,"editdist_7":69,"editdist_8":71,"editdist_9":42,"editdist_10":53,"editdist_11":44,"editdist_12":2,"editdist_13":2,"editdist_14":13,"editdist_15":6,"editdist_16":0,"editdist_17":0,"nb_tolonger":2606,"nb_toshorter":9035,"avg_interarrival":1059},{"nb_A":40205,"nb_W":0,"nb_implicit_W":10615,"nb_dup_A":22805,"nb_dup_W":0,"nb_A_prefix":5015,"nb_W_prefix":0,"max_A_prefix":9524,"avg_A_prefix":8,"max_A_AS":9524,"avg_A_AS":36,"nb_orign_change":71,"nb_new_A":6785,"nb_new_A_afterW":0,"max_path_len":24,"avg_path_len":6,"max_editdist":16,"avg_editdist":2,"editdist_7":101,"editdist_8":56,"editdist_9":23,"editdist_10":101,"editdist_11":75,"editdist_12":1,"editdist_13":4,"editdist_14":3,"editdist_15":0,"editdist_16":2,"editdist_17":0,"nb_tolonger":3001,"nb_toshorter":7614,"avg_interarrival":1062},{"nb_A":60990,"nb_W":0,"nb_implicit_W":20854,"nb_dup_A":30998,"nb_dup_W":0,"nb_A_prefix":6542,"nb_W_prefix":0,"max_A_prefix":9250,"avg_A_prefix":9,"max_A_AS":9250,"avg_A_AS":54,"nb_orign_change":85,"nb_new_A":9138,"nb_new_A_afterW":0,"max_path_len":24,"avg_path_len":6,"max_editdist":17,"avg_editdist":2,"editdist_7":132,"editdist_8":48,"editdist_9":25,"editdist_10":84,"editdist_11":37,"editdist_12":2,"editdist_13":5,"editdist_14":2,"editdist_15":0,"editdist_16":0,"editdist_17":14,"nb_tolonger":5029,"nb_toshorter":15825,"avg_interarrival":1044},{"nb_A":52938,"nb_W":0,"nb_implicit_W":17604,"nb_dup_A":30138,"nb_dup_W":0,"nb_A_prefix":4301,"nb_W_prefix":0,"max_A_prefix":9390,"avg_A_prefix":12,"max_A_AS":9857,"avg_A_AS":61,"nb_orign_change":113,"nb_new_A":5196,"nb_new_A_afterW":0,"max_path_len":20,"avg_path_len":6,"max_editdist":16,"avg_editdist":2,"editdist_7":84,"editdist_8":20,"editdist_9":27,"editdist_10":46,"editdist_11":16,"editdist_12":4,"editdist_13":2,"editdist_14":3,"editdist_15":1,"editdist_16":6,"editdist_17":0,"nb_tolonger":3852,"nb_toshorter":13752,"avg_interarrival":1039},{"nb_A":56261,"nb_W":0,"nb_implicit_W":16774,"nb_dup_A":33323,"nb_dup_W":0,"nb_A_prefix":7609,"nb_W_prefix":0,"max_A_prefix":9621,"avg_A_prefix":7,"max_A_AS":11487,"avg_A_AS":41,"nb_orign_change":71,"nb_new_A":6164,"nb_new_A_afterW":0,"max_path_len":22,"avg_path_len":6,"max_editdist":17,"avg_editdist":2,"editdist_7":67,"editdist_8":28,"editdist_9":23,"editdist_10":64,"editdist_11":31,"editdist_12":3,"editdist_13":9,"editdist_14":10,"editdist_15":0,"editdist_16":1,"editdist_17":2,"nb_tolonger":3892,"nb_toshorter":12882,"avg_interarrival":1032},{"nb_A":49078,"nb_W":0,"nb_implicit_W":14607,"nb_dup_A":26192,"nb_dup_W":0,"nb_A_prefix":5248,"nb_W_prefix":0,"max_A_prefix":9478,"avg_A_prefix":9,"max_A_AS":9478,"avg_A_AS":49,"nb_orign_change":76,"nb_new_A":8279,"nb_new_A_afterW":0,"max_path_len":19,"avg_path_len":6,"max_editdist":18,"avg_editdist":2,"editdist_7":29,"editdist_8":54,"editdist_9":14,"editdist_10":55,"editdist_11":33,"editdist_12":8,"editdist_13":2,"editdist_14":10,"editdist_15":0,"editdist_16":0,"editdist_17":2,"nb_tolonger":3853,"nb_toshorter":10754,"avg_interarrival":1047},{"nb_A":45865,"nb_W":0,"nb_implicit_W":11613,"nb_dup_A":26324,"nb_dup_W":0,"nb_A_prefix":6603,"nb_W_prefix":0,"max_A_prefix":8769,"avg_A_prefix":7,"max_A_AS":8769,"avg_A_AS":41,"nb_orign_change":94,"nb_new_A":7928,"nb_new_A_afterW":0,"max_path_len":26,"avg_path_len":6,"max_editdist":16,"avg_editdist":2,"editdist_7":76,"editdist_8":28,"editdist_9":1,"editdist_10":103,"editdist_11":40,"editdist_12":5,"editdist_13":8,"editdist_14":0,"editdist_15":0,"editdist_16":1,"editdist_17":0,"nb_tolonger":3787,"nb_toshorter":7826,"avg_interarrival":1054},{"nb_A":57120,"nb_W":0,"nb_implicit_W":19014,"nb_dup_A":29293,"nb_dup_W":0,"nb_A_prefix":7495,"nb_W_prefix":0,"max_A_prefix":8952,"avg_A_prefix":8,"max_A_AS":8952,"avg_A_AS":53,"nb_orign_change":152,"nb_new_A":8813,"nb_new_A_afterW":0,"max_path_len":21,"avg_path_len":7,"max_editdist":18,"avg_editdist":2,"editdist_7":250,"editdist_8":80,"editdist_9":15,"editdist_10":260,"editdist_11":38,"editdist_12":8,"editdist_13":5,"editdist_14":0,"editdist_15":1,"editdist_16":0,"editdist_17":0,"nb_tolonger":5922,"nb_toshorter":13092,"avg_interarrival":1047},{"nb_A":50616,"nb_W":0,"nb_implicit_W":14564,"nb_dup_A":31428,"nb_dup_W":0,"nb_A_prefix":3912,"nb_W_prefix":0,"max_A_prefix":9505,"avg_A_prefix":13,"max_A_AS":10687,"avg_A_AS":54,"nb_orign_change":110,"nb_new_A":4624,"nb_new_A_afterW":0,"max_path_len":38,"avg_path_len":7,"max_editdist":16,"avg_editdist":2,"editdist_7":217,"editdist_8":19,"editdist_9":13,"editdist_10":16,"editdist_11":15,"editdist_12":10,"editdist_13":3,"editdist_14":0,"editdist_15":4,"editdist_16":2,"editdist_17":0,"nb_tolonger":4060,"nb_toshorter":10504,"avg_interarrival":1035},{"nb_A":50562,"nb_W":0,"nb_implicit_W":14905,"nb_dup_A":30629,"nb_dup_W":0,"nb_A_prefix":4609,"nb_W_prefix":0,"max_A_prefix":8942,"avg_A_prefix":11,"max_A_AS":8942,"avg_A_AS":55,"nb_orign_change":133,"nb_new_A":5028,"nb_new_A_afterW":0,"max_path_len":38,"avg_path_len":6,"max_editdist":21,"avg_editdist":2,"editdist_7":82,"editdist_8":48,"editdist_9":15,"editdist_10":46,"editdist_11":42,"editdist_12":33,"editdist_13":12,"editdist_14":4,"editdist_15":5,"editdist_16":0,"editdist_17":1,"nb_tolonger":4320,"nb_toshorter":10585,"avg_interarrival":1034},{"nb_A":121750,"nb_W":0,"nb_implicit_W":34116,"nb_dup_A":45349,"nb_dup_W":0,"nb_A_prefix":22717,"nb_W_prefix":0,"max_A_prefix":8904,"avg_A_prefix":5,"max_A_AS":23998,"avg_A_AS":50,"nb_orign_change":11405,"nb_new_A":42285,"nb_new_A_afterW":0,"max_path_len":34,"avg_path_len":6,"max_editdist":19,"avg_editdist":2,"editdist_7":445,"editdist_8":305,"editdist_9":331,"editdist_10":177,"editdist_11":108,"editdist_12":43,"editdist_13":49,"editdist_14":15,"editdist_15":44,"editdist_16":1,"editdist_17":1,"nb_tolonger":11057,"nb_toshorter":23059,"avg_interarrival":1027},{"nb_A":82748,"nb_W":0,"nb_implicit_W":15399,"nb_dup_A":37480,"nb_dup_W":0,"nb_A_prefix":27961,"nb_W_prefix":0,"max_A_prefix":7685,"avg_A_prefix":3,"max_A_AS":7691,"avg_A_AS":26,"nb_orign_change":566,"nb_new_A":29869,"nb_new_A_afterW":0,"max_path_len":33,"avg_path_len":6,"max_editdist":28,"avg_editdist":2,"editdist_7":121,"editdist_8":82,"editdist_9":46,"editdist_10":86,"editdist_11":27,"editdist_12":27,"editdist_13":124,"editdist_14":1,"editdist_15":1,"editdist_16":0,"editdist_17":2,"nb_tolonger":4444,"nb_toshorter":10955,"avg_interarrival":1041},{"nb_A":46130,"nb_W":0,"nb_implicit_W":13305,"nb_dup_A":24835,"nb_dup_W":0,"nb_A_prefix":6194,"nb_W_prefix":0,"max_A_prefix":8156,"avg_A_prefix":7,"max_A_AS":8156,"avg_A_AS":36,"nb_orign_change":100,"nb_new_A":7990,"nb_new_A_afterW":0,"max_path_len":33,"avg_path_len":6,"max_editdist":18,"avg_editdist":2,"editdist_7":48,"editdist_8":35,"editdist_9":3,"editdist_10":48,"editdist_11":29,"editdist_12":17,"editdist_13":33,"editdist_14":9,"editdist_15":3,"editdist_16":0,"editdist_17":0,"nb_tolonger":2924,"nb_toshorter":10381,"avg_interarrival":1044},{"nb_A":40652,"nb_W":0,"nb_implicit_W":11754,"nb_dup_A":23969,"nb_dup_W":0,"nb_A_prefix":3838,"nb_W_prefix":0,"max_A_prefix":9117,"avg_A_prefix":11,"max_A_AS":9117,"avg_A_AS":45,"nb_orign_change":100,"nb_new_A":4929,"nb_new_A_afterW":0,"max_path_len":33,"avg_path_len":6,"max_editdist":28,"avg_editdist":2,"editdist_7":184,"editdist_8":14,"editdist_9":16,"editdist_10":37,"editdist_11":29,"editdist_12":24,"editdist_13":17,"editdist_14":4,"editdist_15":0,"editdist_16":6,"editdist_17":2,"nb_tolonger":3329,"nb_toshorter":8425,"avg_interarrival":1039},{"nb_A":51596,"nb_W":0,"nb_implicit_W":13822,"nb_dup_A":27906,"nb_dup_W":0,"nb_A_prefix":4504,"nb_W_prefix":0,"max_A_prefix":8494,"avg_A_prefix":11,"max_A_AS":8494,"avg_A_AS":48,"nb_orign_change":94,"nb_new_A":9868,"nb_new_A_afterW":0,"max_path_len":28,"avg_path_len":7,"max_editdist":20,"avg_editdist":2,"editdist_7":57,"editdist_8":55,"editdist_9":77,"editdist_10":98,"editdist_11":43,"editdist_12":15,"editdist_13":12,"editdist_14":4,"editdist_15":2,"editdist_16":4,"editdist_17":6,"nb_tolonger":3744,"nb_toshorter":10078,"avg_interarrival":1038},{"nb_A":97765,"nb_W":0,"nb_implicit_W":26468,"nb_dup_A":63238,"nb_dup_W":0,"nb_A_prefix":24645,"nb_W_prefix":0,"max_A_prefix":9576,"avg_A_prefix":4,"max_A_AS":9582,"avg_A_AS":35,"nb_orign_change":105,"nb_new_A":8059,"nb_new_A_afterW":0,"max_path_len":25,"avg_path_len":6,"max_editdist":18,"avg_editdist":2,"editdist_7":189,"editdist_8":76,"editdist_9":84,"editdist_10":79,"editdist_11":122,"editdist_12":75,"editdist_13":24,"editdist_14":12,"editdist_15":15,"editdist_16":6,"editdist_17":9,"nb_tolonger":8928,"nb_toshorter":17540,"avg_interarrival":1031},{"nb_A":64066,"nb_W":0,"nb_implicit_W":19427,"nb_dup_A":37864,"nb_dup_W":0,"nb_A_prefix":6794,"nb_W_prefix":0,"max_A_prefix":9348,"avg_A_prefix":9,"max_A_AS":9853,"avg_A_AS":65,"nb_orign_change":206,"nb_new_A":6775,"nb_new_A_afterW":0,"max_path_len":22,"avg_path_len":6,"max_editdist":18,"avg_editdist":2,"editdist_7":255,"editdist_8":49,"editdist_9":21,"editdist_10":65,"editdist_11":56,"editdist_12":5,"editdist_13":2,"editdist_14":1,"editdist_15":3,"editdist_16":4,"editdist_17":2,"nb_tolonger":5305,"nb_toshorter":14122,"avg_interarrival":1043},{"nb_A":302598,"nb_W":0,"nb_implicit_W":17145,"nb_dup_A":269802,"nb_dup_W":0,"nb_A_prefix":16303,"nb_W_prefix":0,"max_A_prefix":9644,"avg_A_prefix":19,"max_A_AS":25210,"avg_A_AS":148,"nb_orign_change":918,"nb_new_A":15651,"nb_new_A_afterW":0,"max_path_len":32,"avg_path_len":5,"max_editdist":28,"avg_editdist":2,"editdist_7":109,"editdist_8":28,"editdist_9":4,"editdist_10":54,"editdist_11":30,"editdist_12":1,"editdist_13":2,"editdist_14":1,"editdist_15":0,"editdist_16":0,"editdist_17":4,"nb_tolonger":2826,"nb_toshorter":14319,"avg_interarrival":1046},{"nb_A":371214,"nb_W":0,"nb_implicit_W":29910,"nb_dup_A":331196,"nb_dup_W":0,"nb_A_prefix":17783,"nb_W_prefix":0,"max_A_prefix":9363,"avg_A_prefix":21,"max_A_AS":32018,"avg_A_AS":169,"nb_orign_change":1301,"nb_new_A":10108,"nb_new_A_afterW":0,"max_path_len":32,"avg_path_len":5,"max_editdist":28,"avg_editdist":1,"editdist_7":33,"editdist_8":65,"editdist_9":11,"editdist_10":49,"editdist_11":27,"editdist_12":1,"editdist_13":3,"editdist_14":7,"editdist_15":1,"editdist_16":2,"editdist_17":1,"nb_tolonger":5415,"nb_toshorter":24495,"avg_interarrival":1035},{"nb_A":462028,"nb_W":0,"nb_implicit_W":26205,"nb_dup_A":426640,"nb_dup_W":0,"nb_A_prefix":17757,"nb_W_prefix":0,"max_A_prefix":8830,"avg_A_prefix":26,"max_A_AS":41428,"avg_A_AS":215,"nb_orign_change":1415,"nb_new_A":9183,"nb_new_A_afterW":0,"max_path_len":22,"avg_path_len":5,"max_editdist":27,"avg_editdist":2,"editdist_7":36,"editdist_8":82,"editdist_9":15,"editdist_10":73,"editdist_11":36,"editdist_12":4,"editdist_13":8,"editdist_14":10,"editdist_15":2,"editdist_16":1,"editdist_17":0,"nb_tolonger":4190,"nb_toshorter":22015,"avg_interarrival":1040}]