[{"nb_A":16906,"nb_W":0,"nb_implicit_W":778,"nb_dup_A":1950,"nb_dup_W":0,"nb_A_prefix":13413,"nb_W_prefix":0,"max_A_prefix":276,"avg_A_prefix":1,"max_A_AS":2164,"avg_A_AS":16,"nb_orign_change":0,"nb_new_A":14178,"nb_new_A_afterW":0,"max_path_len":32,"avg_path_len":5,"max_editdist":10,"avg_editdist":2,"editdist_7":0,"editdist_8":0,"editdist_9":0,"editdist_10":59,"editdist_11":0,"editdist_12":0,"editdist_13":0,"editdist_14":0,"editdist_15":0,"editdist_16":0,"editdist_17":0,"nb_tolonger":200,"nb_toshorter":578,"avg_interarrival":4616},{"nb_A":4703,"nb_W":0,"nb_implicit_W":1070,"nb_dup_A":2773,"nb_dup_W":0,"nb_A_prefix":135,"nb_W_prefix":0,"max_A_prefix":301,"avg_A_prefix":35,"max_A_AS":1457,"avg_A_AS":162,"nb_orign_change":0,"nb_new_A":860,"nb_new_A_afterW":0,"max_path_len":17,"avg_path_len":5,"max_editdist":12,"avg_editdist":3,"editdist_7":0,"editdist_8":0,"editdist_9":0,"editdist_10":163,"editdist_11":9,"editdist_12":1,"editdist_13":0,"editdist_14":0,"editdist_15":0,"editdist_16":0,"editdist_17":0,"nb_tolonger":307,"nb_toshorter":763,"avg_interarrival":4601},{"nb_A":3313,"nb_W":0,"nb_implicit_W":789,"nb_dup_A":2040,"nb_dup_W":0,"nb_A_prefix":230,"nb_W_prefix":0,"max_A_prefix":148,"avg_A_prefix":14,"max_A_AS":1111,"avg_A_AS":97,"nb_orign_change":0,"nb_new_A":484,"nb_new_A_afterW":0,"max_path_len":16,"avg_path_len":6,"max_editdist":12,"avg_editdist":2,"editdist_7":0,"editdist_8":0,"editdist_9":0,"editdist_10":58,"editdist_11":5,"editdist_12":1,"editdist_13":0,"editdist_14":0,"editdist_15":0,"editdist_16":0,"editdist_17":0,"nb_tolonger":240,"nb_toshorter":549,"avg_interarrival":6435},{"nb_A":7687,"nb_W":0,"nb_implicit_W":2791,"nb_dup_A":2933,"nb_dup_W":0,"nb_A_prefix":173,"nb_W_prefix":0,"max_A_prefix":334,"avg_A_prefix":44,"max_A_AS":3189,"avg_A_AS":179,"nb_orign_change":0,"nb_new_A":1963,"nb_new_A_afterW":0,"max_path_len":20,"avg_path_len":8,"max_editdist":14,"avg_editdist":4,"editdist_7":18,"editdist_8":423,"editdist_9":180,"editdist_10":154,"editdist_11":39,"editdist_12":103,"editdist_13":51,"editdist_14":14,"editdist_15":0,"editdist_16":0,"editdist_17":0,"nb_tolonger":824,"nb_toshorter":1967,"avg_interarrival":3346},{"nb_A":6178,"nb_W":0,"nb_implicit_W":758,"nb_dup_A":4883,"nb_dup_W":0,"nb_A_prefix":303,"nb_W_prefix":0,"max_A_prefix":230,"avg_A_prefix":20,"max_A_AS":2514,"avg_A_AS":140,"nb_orign_change":0,"nb_new_A":537,"nb_new_A_afterW":0,"max_path_len":22,"avg_path_len":5,"max_editdist":16,"avg_editdist":2,"editdist_7":1,"editdist_8":3,"editdist_9":0,"editdist_10":0,"editdist_11":0,"editdist_12":5,"editdist_13":0,"editdist_14":24,"editdist_15":8,"editdist_16":1,"editdist_17":0,"nb_tolonger":165,"nb_toshorter":593,"avg_interarrival":4619},{"nb_A":12843,"nb_W":0,"nb_implicit_W":2511,"nb_dup_A":6900,"nb_dup_W":0,"nb_A_prefix":1982,"nb_W_prefix":0,"max_A_prefix":382,"avg_A_prefix":6,"max_A_AS":7170,"avg_A_AS":34,"nb_orign_change":0,"nb_new_A":3432,"nb_new_A_afterW":0,"max_path_len":32,"avg_path_len":6,"max_editdist":16,"avg_editdist":2,"editdist_7":49,"editdist_8":26,"editdist_9":6,"editdist_10":0,"editdist_11":0,"editdist_12":0,"editdist_13":0,"editdist_14":25,"editdist_15":4,"editdist_16":2,"editdist_17":0,"nb_tolonger":690,"nb_toshorter":1821,"avg_interarrival":2862},{"nb_A":30436,"nb_W":0,"nb_implicit_W":4060,"nb_dup_A":19801,"nb_dup_W":0,"nb_A_prefix":454,"nb_W_prefix":0,"max_A_prefix":285,"avg_A_prefix":67,"max_A_AS":19232,"avg_A_AS":585,"nb_orign_change":18,"nb_new_A":6575,"nb_new_A_afterW":0,"max_path_len":21,"avg_path_len":5,"max_editdist":10,"avg_editdist":2,"editdist_7":163,"editdist_8":34,"editdist_9":13,"editdist_10":6,"editdist_11":0,"editdist_12":0,"editdist_13":0,"editdist_14":0,"editdist_15":0,"editdist_16":0,"editdist_17":0,"nb_tolonger":736,"nb_toshorter":3324,"avg_interarrival":2449},{"nb_A":7699,"nb_W":0,"nb_implicit_W":1811,"nb_dup_A":4682,"nb_dup_W":0,"nb_A_prefix":1953,"nb_W_prefix":0,"max_A_prefix":127,"avg_A_prefix":4,"max_A_AS":2285,"avg_A_AS":22,"nb_orign_change":37,"nb_new_A":1206,"nb_new_A_afterW":0,"max_path_len":21,"avg_path_len":6,"max_editdist":7,"avg_editdist":1,"editdist_7":2,"editdist_8":0,"editdist_9":0,"editdist_10":0,"editdist_11":0,"editdist_12":0,"editdist_13":0,"editdist_14":0,"editdist_15":0,"editdist_16":0,"editdist_17":0,"nb_tolonger":515,"nb_toshorter":1296,"avg_interarrival":3366},{"nb_A":25123,"nb_W":0,"nb_implicit_W":3103,"nb_dup_A":20681,"nb_dup_W":0,"nb_A_prefix":551,"nb_W_prefix":0,"max_A_prefix":447,"avg_A_prefix":46,"max_A_AS":12050,"avg_A_AS":387,"nb_orign_change":8,"nb_new_A":1339,"nb_new_A_afterW":0,"max_path_len":28,"avg_path_len":5,"max_editdist":18,"avg_editdist":2,"editdist_7":37,"editdist_8":5,"editdist_9":0,"editdist_10":6,"editdist_11":0,"editdist_12":0,"editdist_13":0,"editdist_14":0,"editdist_15":0,"editdist_16":0,"editdist_17":0,"nb_tolonger":813,"nb_toshorter":2290,"avg_interarrival":2381},{"nb_A":73784,"nb_W":0,"nb_implicit_W":29382,"nb_dup_A":40275,"nb_dup_W":0,"nb_A_prefix":723,"nb_W_prefix":0,"max_A_prefix":2001,"avg_A_prefix":102,"max_A_AS":13043,"avg_A_AS":738,"nb_orign_change":4,"nb_new_A":4127,"nb_new_A_afterW":0,"max_path_len":22,"avg_path_len":6,"max_editdist":8,"avg_editdist":1,"editdist_7":13,"editdist_8":3,"editdist_9":0,"editdist_10":0,"editdist_11":0,"editdist_12":0,"editdist_13":0,"editdist_14":0,"editdist_15":0,"editdist_16":0,"editdist_17":0,"nb_tolonger":10484,"nb_toshorter":18898,"avg_interarrival":1600},{"nb_A":46981,"nb_W":0,"nb_implicit_W":16120,"nb_dup_A":25992,"nb_dup_W":0,"nb_A_prefix":1015,"nb_W_prefix":0,"max_A_prefix":761,"avg_A_prefix":46,"max_A_AS":12411,"avg_A_AS":356,"nb_orign_change":0,"nb_new_A":4869,"nb_new_A_afterW":0,"max_path_len":24,"avg_path_len":6,"max_editdist":17,"avg_editdist":1,"editdist_7":117,"editdist_8":42,"editdist_9":18,"editdist_10":0,"editdist_11":0,"editdist_12":0,"editdist_13":0,"editdist_14":0,"editdist_15":22,"editdist_16":6,"editdist_17":5,"nb_tolonger":5377,"nb_toshorter":10743,"avg_interarrival":1748},{"nb_A":25886,"nb_W":0,"nb_implicit_W":8337,"nb_dup_A":13212,"nb_dup_W":0,"nb_A_prefix":3138,"nb_W_prefix":0,"max_A_prefix":621,"avg_A_prefix":8,"max_A_AS":5430,"avg_A_AS":40,"nb_orign_change":0,"nb_new_A":4337,"nb_new_A_afterW":0,"max_path_len":28,"avg_path_len":6,"max_editdist":18,"avg_editdist":1,"editdist_7":30,"editdist_8":0,"editdist_9":0,"editdist_10":0,"editdist_11":0,"editdist_12":0,"editdist_13":0,"editdist_14":0,"editdist_15":0,"editdist_16":0,"editdist_17":0,"nb_tolonger":2669,"nb_toshorter":5668,"avg_interarrival":1844},{"nb_A":18073,"nb_W":0,"nb_implicit_W":4189,"nb_dup_A":12842,"nb_dup_W":0,"nb_A_prefix":619,"nb_W_prefix":0,"max_A_prefix":196,"avg_A_prefix":29,"max_A_AS":7238,"avg_A_AS":220,"nb_orign_change":89,"nb_new_A":1042,"nb_new_A_afterW":0,"max_path_len":28,"avg_path_len":5,"max_editdist":18,"avg_editdist":1,"editdist_7":29,"editdist_8":8,"editdist_9":4,"editdist_10":0,"editdist_11":2,"editdist_12":2,"editdist_13":0,"editdist_14":1,"editdist_15":0,"editdist_16":0,"editdist_17":0,"nb_tolonger":733,"nb_toshorter":3456,"avg_interarrival":2547},{"nb_A":61940,"nb_W":0,"nb_implicit_W":5132,"nb_dup_A":27005,"nb_dup_W":0,"nb_A_prefix":3891,"nb_W_prefix":0,"max_A_prefix":176,"avg_A_prefix":16,"max_A_AS":15380,"avg_A_AS":140,"nb_orign_change":46,"nb_new_A":29803,"nb_new_A_afterW":0,"max_path_len":32,"avg_path_len":6,"max_editdist":17,"avg_editdist":2,"editdist_7":21,"editdist_8":6,"editdist_9":4,"editdist_10":0,"editdist_11":0,"editdist_12":0,"editdist_13":0,"editdist_14":0,"editdist_15":28,"editdist_16":4,"editdist_17":1,"nb_tolonger":764,"nb_toshorter":4368,"avg_interarrival":2372},{"nb_A":55168,"nb_W":0,"nb_implicit_W":6659,"nb_dup_A":29363,"nb_dup_W":0,"nb_A_prefix":12868,"nb_W_prefix":0,"max_A_prefix":346,"avg_A_prefix":4,"max_A_AS":18574,"avg_A_AS":51,"nb_orign_change":0,"nb_new_A":19146,"nb_new_A_afterW":0,"max_path_len":39,"avg_path_len":6,"max_editdist":33,"avg_editdist":2,"editdist_7":98,"editdist_8":21,"editdist_9":14,"editdist_10":0,"editdist_11":0,"editdist_12":0,"editdist_13":0,"editdist_14":0,"editdist_15":0,"editdist_16":0,"editdist_17":0,"nb_tolonger":1333,"nb_toshorter":5326,"avg_interarrival":1631},{"nb_A":11499,"nb_W":0,"nb_implicit_W":1701,"nb_dup_A":7261,"nb_dup_W":0,"nb_A_prefix":1143,"nb_W_prefix":0,"max_A_prefix":135,"avg_A_prefix":10,"max_A_AS":4531,"avg_A_AS":42,"nb_orign_change":6,"nb_new_A":2537,"nb_new_A_afterW":0,"max_path_len":25,"avg_path_len":6,"max_editdist":6,"avg_editdist":1,"editdist_7":0,"editdist_8":0,"editdist_9":0,"editdist_10":0,"editdist_11":0,"editdist_12":0,"editdist_13":0,"editdist_14":0,"editdist_15":0,"editdist_16":0,"editdist_17":0,"nb_tolonger":370,"nb_toshorter":1331,"avg_interarrival":4205},{"nb_A":33160,"nb_W":0,"nb_implicit_W":15229,"nb_dup_A":14120,"nb_dup_W":0,"nb_A_prefix":533,"nb_W_prefix":0,"max_A_prefix":573,"avg_A_prefix":62,"max_A_AS":7121,"avg_A_AS":325,"nb_orign_change":74,"nb_new_A":3811,"nb_new_A_afterW":0,"max_path_len":21,"avg_path_len":7,"max_editdist":16,"avg_editdist":2,"editdist_7":368,"editdist_8":91,"editdist_9":23,"editdist_10":54,"editdist_11":108,"editdist_12":33,"editdist_13":9,"editdist_14":5,"editdist_15":0,"editdist_16":3,"editdist_17":0,"nb_tolonger":6361,"nb_toshorter":8868,"avg_interarrival":1866},{"nb_A":15337,"nb_W":0,"nb_implicit_W":2228,"nb_dup_A":12145,"nb_dup_W":0,"nb_A_prefix":413,"nb_W_prefix":0,"max_A_prefix":250,"avg_A_prefix":37,"max_A_AS":7924,"avg_A_AS":197,"nb_orign_change":129,"nb_new_A":964,"nb_new_A_afterW":0,"max_path_len":21,"avg_path_len":6,"max_editdist":11,"avg_editdist":2,"editdist_7":23,"editdist_8":7,"editdist_9":3,"editdist_10":6,"editdist_11":2,"editdist_12":0,"editdist_13":0,"editdist_14":0,"editdist_15":0,"editdist_16":0,"editdist_17":0,"nb_tolonger":760,"nb_toshorter":1468,"avg_interarrival":3369},{"nb_A":26158,"nb_W":0,"nb_implicit_W":4128,"nb_dup_A":19264,"nb_dup_W":0,"nb_A_prefix":12680,"nb_W_prefix":0,"max_A_prefix":253,"avg_A_prefix":2,"max_A_AS":4121,"avg_A_AS":24,"nb_orign_change":0,"nb_new_A":2766,"nb_new_A_afterW":0,"max_path_len":22,"avg_path_len":7,"max_editdist":7,"avg_editdist":1,"editdist_7":1,"editdist_8":0,"editdist_9":0,"editdist_10":0,"editdist_11":0,"editdist_12":0,"editdist_13":0,"editdist_14":0,"editdist_15":0,"editdist_16":0,"editdist_17":0,"nb_tolonger":1053,"nb_toshorter":3075,"avg_interarrival":3355},{"nb_A":16334,"nb_W":0,"nb_implicit_W":2820,"nb_dup_A":12426,"nb_dup_W":0,"nb_A_prefix":624,"nb_W_prefix":0,"max_A_prefix":124,"avg_A_prefix":26,"max_A_AS":8003,"avg_A_AS":348,"nb_orign_change":2,"nb_new_A":1088,"nb_new_A_afterW":0,"max_path_len":20,"avg_path_len":5,"max_editdist":6,"avg_editdist":2,"editdist_7":0,"editdist_8":0,"editdist_9":0,"editdist_10":0,"editdist_11":0,"editdist_12":0,"editdist_13":0,"editdist_14":0,"editdist_15":0,"editdist_16":0,"editdist_17":0,"nb_tolonger":1028,"nb_toshorter":1792,"avg_interarrival":4392},{"nb_A":33845,"nb_W":0,"nb_implicit_W":8218,"nb_dup_A":22577,"nb_dup_W":0,"nb_A_prefix":615,"nb_W_prefix":0,"max_A_prefix":366,"avg_A_prefix":55,"max_A_AS":12203,"avg_A_AS":564,"nb_orign_change":0,"nb_new_A":3050,"nb_new_A_afterW":0,"max_path_len":29,"avg_path_len":6,"max_editdist":7,"avg_editdist":2,"editdist_7":1,"editdist_8":0,"editdist_9":0,"editdist_10":0,"editdist_11":0,"editdist_12":0,"editdist_13":0,"editdist_14":0,"editdist_15":0,"editdist_16":0,"editdist_17":0,"nb_tolonger":2499,"nb_toshorter":5719,"avg_interarrival":3127},{"nb_A":26994,"nb_W":0,"nb_implicit_W":13003,"nb_dup_A":12274,"nb_dup_W":0,"nb_A_prefix":258,"nb_W_prefix":0,"max_A_prefix":601,"avg_A_prefix":105,"max_A_AS":19514,"avg_A_AS":465,"nb_orign_change":0,"nb_new_A":1717,"nb_new_A_afterW":0,"max_path_len":14,"avg_path_len":7,"max_editdist":6,"avg_editdist":2,"editdist_7":0,"editdist_8":0,"editdist_9":0,"editdist_10":0,"editdist_11":0,"editdist_12":0,"editdist_13":0,"editdist_14":0,"editdist_15":0,"editdist_16":0,"editdist_17":0,"nb_tolonger":4398,"nb_toshorter":8605,"avg_interarrival":2782},{"nb_A":10883,"nb_W":0,"nb_implicit_W":4248,"nb_dup_A":6005,"nb_dup_W":0,"nb_A_prefix":399,"nb_W_prefix":0,"max_A_prefix":175,"avg_A_prefix":27,"max_A_AS":5797,"avg_A_AS":116,"nb_orign_change":2,"nb_new_A":630,"nb_new_A_afterW":0,"max_path_len":15,"avg_path_len":7,"max_editdist":6,"avg_editdist":2,"editdist_7":0,"editdist_8":0,"editdist_9":0,"editdist_10":0,"editdist_11":0,"editdist_12":0,"editdist_13":0,"editdist_14":0,"editdist_15":0,"editdist_16":0,"editdist_17":0,"nb_tolonger":1280,"nb_toshorter":2968,"avg_interarrival":4126}]