[{"nb_A":11631,"nb_W":0,"nb_implicit_W":3684,"nb_dup_A":4646,"nb_dup_W":0,"nb_A_prefix":4569,"nb_W_prefix":0,"max_A_prefix":118,"avg_A_prefix":3,"max_A_AS":2477,"avg_A_AS":18,"nb_orign_change":33,"nb_new_A":3301,"nb_new_A_afterW":0,"max_path_len":30,"avg_path_len":5,"max_editdist":17,"avg_editdist":2,"editdist_7":29,"editdist_8":21,"editdist_9":31,"editdist_10":10,"editdist_11":2,"editdist_12":4,"editdist_13":4,"editdist_14":0,"editdist_15":4,"editdist_16":2,"editdist_17":2,"nb_tolonger":1350,"nb_toshorter":2334,"avg_interarrival":23357},{"nb_A":8500,"nb_W":0,"nb_implicit_W":3390,"nb_dup_A":3484,"nb_dup_W":0,"nb_A_prefix":2421,"nb_W_prefix":0,"max_A_prefix":116,"avg_A_prefix":4,"max_A_AS":1045,"avg_A_AS":15,"nb_orign_change":27,"nb_new_A":1626,"nb_new_A_afterW":0,"max_path_len":18,"avg_path_len":5,"max_editdist":13,"avg_editdist":2,"editdist_7":25,"editdist_8":13,"editdist_9":8,"editdist_10":16,"editdist_11":15,"editdist_12":5,"editdist_13":4,"editdist_14":0,"editdist_15":0,"editdist_16":0,"editdist_17":0,"nb_tolonger":1057,"nb_toshorter":2333,"avg_interarrival":23397},{"nb_A":44952,"nb_W":0,"nb_implicit_W":16028,"nb_dup_A":18836,"nb_dup_W":0,"nb_A_prefix":11101,"nb_W_prefix":0,"max_A_prefix":117,"avg_A_prefix":4,"max_A_AS":24492,"avg_A_AS":41,"nb_orign_change":42,"nb_new_A":10088,"nb_new_A_afterW":0,"max_path_len":20,"avg_path_len":7,"max_editdist":18,"avg_editdist":3,"editdist_7":243,"editdist_8":76,"editdist_9":30,"editdist_10":11,"editdist_11":10,"editdist_12":4,"editdist_13":2,"editdist_14":0,"editdist_15":0,"editdist_16":0,"editdist_17":1,"nb_tolonger":5996,"nb_toshorter":10032,"avg_interarrival":22911},{"nb_A":9397,"nb_W":0,"nb_implicit_W":4210,"nb_dup_A":4018,"nb_dup_W":0,"nb_A_prefix":2587,"nb_W_prefix":0,"max_A_prefix":113,"avg_A_prefix":4,"max_A_AS":836,"avg_A_AS":17,"nb_orign_change":34,"nb_new_A":1169,"nb_new_A_afterW":0,"max_path_len":25,"avg_path_len":6,"max_editdist":23,"avg_editdist":3,"editdist_7":161,"editdist_8":41,"editdist_9":20,"editdist_10":37,"editdist_11":18,"editdist_12":8,"editdist_13":7,"editdist_14":5,"editdist_15":0,"editdist_16":0,"editdist_17":0,"nb_tolonger":1645,"nb_toshorter":2565,"avg_interarrival":26538},{"nb_A":14207,"nb_W":0,"nb_implicit_W":6301,"nb_dup_A":4769,"nb_dup_W":0,"nb_A_prefix":4324,"nb_W_prefix":0,"max_A_prefix":117,"avg_A_prefix":3,"max_A_AS":1170,"avg_A_AS":15,"nb_orign_change":35,"nb_new_A":3137,"nb_new_A_afterW":0,"max_path_len":23,"avg_path_len":6,"max_editdist":19,"avg_editdist":3,"editdist_7":127,"editdist_8":52,"editdist_9":79,"editdist_10":18,"editdist_11":42,"editdist_12":14,"editdist_13":12,"editdist_14":4,"editdist_15":5,"editdist_16":4,"editdist_17":2,"nb_tolonger":2640,"nb_toshorter":3661,"avg_interarrival":23967},{"nb_A":19068,"nb_W":0,"nb_implicit_W":9688,"nb_dup_A":5834,"nb_dup_W":0,"nb_A_prefix":5235,"nb_W_prefix":0,"max_A_prefix":110,"avg_A_prefix":4,"max_A_AS":2526,"avg_A_AS":21,"nb_orign_change":45,"nb_new_A":3546,"nb_new_A_afterW":0,"max_path_len":21,"avg_path_len":5,"max_editdist":19,"avg_editdist":2,"editdist_7":290,"editdist_8":65,"editdist_9":8,"editdist_10":41,"editdist_11":16,"editdist_12":4,"editdist_13":10,"editdist_14":2,"editdist_15":24,"editdist_16":3,"editdist_17":4,"nb_tolonger":2989,"nb_toshorter":6699,"avg_interarrival":17774},{"nb_A":12868,"nb_W":0,"nb_implicit_W":5599,"nb_dup_A":5356,"nb_dup_W":0,"nb_A_prefix":3351,"nb_W_prefix":0,"max_A_prefix":116,"avg_A_prefix":4,"max_A_AS":697,"avg_A_AS":16,"nb_orign_change":40,"nb_new_A":1913,"nb_new_A_afterW":0,"max_path_len":19,"avg_path_len":5,"max_editdist":17,"avg_editdist":2,"editdist_7":168,"editdist_8":29,"editdist_9":31,"editdist_10":28,"editdist_11":8,"editdist_12":7,"editdist_13":4,"editdist_14":2,"editdist_15":0,"editdist_16":1,"editdist_17":5,"nb_tolonger":1949,"nb_toshorter":3650,"avg_interarrival":23474},{"nb_A":11455,"nb_W":0,"nb_implicit_W":5410,"nb_dup_A":4588,"nb_dup_W":0,"nb_A_prefix":3248,"nb_W_prefix":0,"max_A_prefix":111,"avg_A_prefix":4,"max_A_AS":1027,"avg_A_AS":14,"nb_orign_change":28,"nb_new_A":1457,"nb_new_A_afterW":0,"max_path_len":20,"avg_path_len":6,"max_editdist":18,"avg_editdist":2,"editdist_7":93,"editdist_8":59,"editdist_9":26,"editdist_10":10,"editdist_11":18,"editdist_12":5,"editdist_13":10,"editdist_14":5,"editdist_15":4,"editdist_16":3,"editdist_17":8,"nb_tolonger":1820,"nb_toshorter":3590,"avg_interarrival":22081},{"nb_A":14616,"nb_W":0,"nb_implicit_W":5597,"nb_dup_A":6319,"nb_dup_W":0,"nb_A_prefix":4642,"nb_W_prefix":0,"max_A_prefix":119,"avg_A_prefix":3,"max_A_AS":1980,"avg_A_AS":16,"nb_orign_change":47,"nb_new_A":2700,"nb_new_A_afterW":0,"max_path_len":26,"avg_path_len":5,"max_editdist":23,"avg_editdist":2,"editdist_7":46,"editdist_8":73,"editdist_9":10,"editdist_10":23,"editdist_11":3,"editdist_12":3,"editdist_13":2,"editdist_14":0,"editdist_15":0,"editdist_16":0,"editdist_17":1,"nb_tolonger":2235,"nb_toshorter":3362,"avg_interarrival":22854},{"nb_A":15373,"nb_W":0,"nb_implicit_W":7096,"nb_dup_A":6225,"nb_dup_W":0,"nb_A_prefix":4130,"nb_W_prefix":0,"max_A_prefix":115,"avg_A_prefix":4,"max_A_AS":1334,"avg_A_AS":20,"nb_orign_change":47,"nb_new_A":2052,"nb_new_A_afterW":0,"max_path_len":28,"avg_path_len":6,"max_editdist":24,"avg_editdist":2,"editdist_7":52,"editdist_8":71,"editdist_9":22,"editdist_10":9,"editdist_11":11,"editdist_12":8,"editdist_13":1,"editdist_14":7,"editdist_15":0,"editdist_16":0,"editdist_17":0,"nb_tolonger":2809,"nb_toshorter":4287,"avg_interarrival":24510},{"nb_A":18259,"nb_W":0,"nb_implicit_W":9416,"nb_dup_A":6683,"nb_dup_W":0,"nb_A_prefix":6313,"nb_W_prefix":0,"max_A_prefix":119,"avg_A_prefix":3,"max_A_AS":1214,"avg_A_AS":19,"nb_orign_change":71,"nb_new_A":2160,"nb_new_A_afterW":0,"max_path_len":21,"avg_path_len":6,"max_editdist":19,"avg_editdist":2,"editdist_7":136,"editdist_8":86,"editdist_9":80,"editdist_10":83,"editdist_11":9,"editdist_12":5,"editdist_13":8,"editdist_14":0,"editdist_15":1,"editdist_16":4,"editdist_17":0,"nb_tolonger":3184,"nb_toshorter":6232,"avg_interarrival":22099},{"nb_A":12821,"nb_W":0,"nb_implicit_W":5978,"nb_dup_A":5487,"nb_dup_W":0,"nb_A_prefix":3293,"nb_W_prefix":0,"max_A_prefix":116,"avg_A_prefix":4,"max_A_AS":1130,"avg_A_AS":16,"nb_orign_change":47,"nb_new_A":1356,"nb_new_A_afterW":0,"max_path_len":22,"avg_path_len":6,"max_editdist":19,"avg_editdist":3,"editdist_7":210,"editdist_8":90,"editdist_9":21,"editdist_10":43,"editdist_11":17,"editdist_12":20,"editdist_13":2,"editdist_14":9,"editdist_15":1,"editdist_16":0,"editdist_17":0,"nb_tolonger":2255,"nb_toshorter":3723,"avg_interarrival":23270},{"nb_A":14344,"nb_W":0,"nb_implicit_W":5607,"nb_dup_A":7402,"nb_dup_W":0,"nb_A_prefix":3658,"nb_W_prefix":0,"max_A_prefix":117,"avg_A_prefix":4,"max_A_AS":2963,"avg_A_AS":18,"nb_orign_change":63,"nb_new_A":1335,"nb_new_A_afterW":0,"max_path_len":25,"avg_path_len":5,"max_editdist":21,"avg_editdist":2,"editdist_7":79,"editdist_8":59,"editdist_9":11,"editdist_10":7,"editdist_11":12,"editdist_12":6,"editdist_13":16,"editdist_14":7,"editdist_15":2,"editdist_16":0,"editdist_17":3,"nb_tolonger":1993,"nb_toshorter":3614,"avg_interarrival":22067},{"nb_A":59291,"nb_W":0,"nb_implicit_W":24826,"nb_dup_A":18650,"nb_dup_W":0,"nb_A_prefix":18447,"nb_W_prefix":0,"max_A_prefix":116,"avg_A_prefix":3,"max_A_AS":26065,"avg_A_AS":29,"nb_orign_change":13997,"nb_new_A":15815,"nb_new_A_afterW":0,"max_path_len":25,"avg_path_len":5,"max_editdist":19,"avg_editdist":4,"editdist_7":584,"editdist_8":187,"editdist_9":213,"editdist_10":64,"editdist_11":70,"editdist_12":58,"editdist_13":42,"editdist_14":24,"editdist_15":3,"editdist_16":5,"editdist_17":12,"nb_tolonger":7190,"nb_toshorter":17636,"avg_interarrival":22942},{"nb_A":19740,"nb_W":0,"nb_implicit_W":8898,"nb_dup_A":7755,"nb_dup_W":0,"nb_A_prefix":5909,"nb_W_prefix":0,"max_A_prefix":119,"avg_A_prefix":3,"max_A_AS":1572,"avg_A_AS":17,"nb_orign_change":87,"nb_new_A":3087,"nb_new_A_afterW":0,"max_path_len":26,"avg_path_len":6,"max_editdist":19,"avg_editdist":3,"editdist_7":733,"editdist_8":202,"editdist_9":65,"editdist_10":13,"editdist_11":96,"editdist_12":31,"editdist_13":0,"editdist_14":2,"editdist_15":3,"editdist_16":0,"editdist_17":8,"nb_tolonger":3412,"nb_toshorter":5486,"avg_interarrival":21497},{"nb_A":17781,"nb_W":0,"nb_implicit_W":7763,"nb_dup_A":7532,"nb_dup_W":0,"nb_A_prefix":5185,"nb_W_prefix":0,"max_A_prefix":114,"avg_A_prefix":3,"max_A_AS":1961,"avg_A_AS":16,"nb_orign_change":46,"nb_new_A":2486,"nb_new_A_afterW":0,"max_path_len":22,"avg_path_len":5,"max_editdist":18,"avg_editdist":2,"editdist_7":52,"editdist_8":31,"editdist_9":18,"editdist_10":16,"editdist_11":18,"editdist_12":19,"editdist_13":4,"editdist_14":8,"editdist_15":0,"editdist_16":0,"editdist_17":4,"nb_tolonger":2987,"nb_toshorter":4776,"avg_interarrival":24503},{"nb_A":16950,"nb_W":0,"nb_implicit_W":7356,"nb_dup_A":7816,"nb_dup_W":0,"nb_A_prefix":4309,"nb_W_prefix":0,"max_A_prefix":110,"avg_A_prefix":4,"max_A_AS":2911,"avg_A_AS":19,"nb_orign_change":43,"nb_new_A":1778,"nb_new_A_afterW":0,"max_path_len":26,"avg_path_len":6,"max_editdist":24,"avg_editdist":2,"editdist_7":131,"editdist_8":30,"editdist_9":15,"editdist_10":16,"editdist_11":8,"editdist_12":50,"editdist_13":46,"editdist_14":5,"editdist_15":13,"editdist_16":0,"editdist_17":0,"nb_tolonger":2876,"nb_toshorter":4480,"avg_interarrival":20872},{"nb_A":18268,"nb_W":0,"nb_implicit_W":8199,"nb_dup_A":8183,"nb_dup_W":0,"nb_A_prefix":4091,"nb_W_prefix":0,"max_A_prefix":115,"avg_A_prefix":4,"max_A_AS":2265,"avg_A_AS":20,"nb_orign_change":31,"nb_new_A":1886,"nb_new_A_afterW":0,"max_path_len":26,"avg_path_len":6,"max_editdist":24,"avg_editdist":3,"editdist_7":157,"editdist_8":149,"editdist_9":25,"editdist_10":53,"editdist_11":30,"editdist_12":14,"editdist_13":7,"editdist_14":2,"editdist_15":0,"editdist_16":1,"editdist_17":0,"nb_tolonger":3160,"nb_toshorter":5039,"avg_interarrival":24199},{"nb_A":15900,"nb_W":0,"nb_implicit_W":8164,"nb_dup_A":6100,"nb_dup_W":0,"nb_A_prefix":4877,"nb_W_prefix":0,"max_A_prefix":118,"avg_A_prefix":3,"max_A_AS":918,"avg_A_AS":18,"nb_orign_change":35,"nb_new_A":1636,"nb_new_A_afterW":0,"max_path_len":25,"avg_path_len":6,"max_editdist":18,"avg_editdist":2,"editdist_7":155,"editdist_8":61,"editdist_9":37,"editdist_10":36,"editdist_11":14,"editdist_12":35,"editdist_13":6,"editdist_14":32,"editdist_15":0,"editdist_16":0,"editdist_17":6,"nb_tolonger":2843,"nb_toshorter":5321,"avg_interarrival":21041},{"nb_A":12953,"nb_W":0,"nb_implicit_W":6090,"nb_dup_A":5373,"nb_dup_W":0,"nb_A_prefix":3976,"nb_W_prefix":0,"max_A_prefix":110,"avg_A_prefix":3,"max_A_AS":1640,"avg_A_AS":17,"nb_orign_change":83,"nb_new_A":1490,"nb_new_A_afterW":0,"max_path_len":25,"avg_path_len":5,"max_editdist":23,"avg_editdist":2,"editdist_7":143,"editdist_8":109,"editdist_9":16,"editdist_10":8,"editdist_11":2,"editdist_12":5,"editdist_13":5,"editdist_14":0,"editdist_15":0,"editdist_16":0,"editdist_17":1,"nb_tolonger":2063,"nb_toshorter":4027,"avg_interarrival":24880},{"nb_A":11872,"nb_W":0,"nb_implicit_W":5194,"nb_dup_A":5248,"nb_dup_W":0,"nb_A_prefix":3091,"nb_W_prefix":0,"max_A_prefix":118,"avg_A_prefix":4,"max_A_AS":950,"avg_A_AS":15,"nb_orign_change":58,"nb_new_A":1430,"nb_new_A_afterW":0,"max_path_len":38,"avg_path_len":6,"max_editdist":28,"avg_editdist":2,"editdist_7":124,"editdist_8":121,"editdist_9":7,"editdist_10":7,"editdist_11":10,"editdist_12":10,"editdist_13":13,"editdist_14":1,"editdist_15":0,"editdist_16":0,"editdist_17":0,"nb_tolonger":1640,"nb_toshorter":3554,"avg_interarrival":24944},{"nb_A":13380,"nb_W":0,"nb_implicit_W":6708,"nb_dup_A":5274,"nb_dup_W":0,"nb_A_prefix":3480,"nb_W_prefix":0,"max_A_prefix":115,"avg_A_prefix":4,"max_A_AS":1492,"avg_A_AS":17,"nb_orign_change":26,"nb_new_A":1398,"nb_new_A_afterW":0,"max_path_len":38,"avg_path_len":6,"max_editdist":15,"avg_editdist":2,"editdist_7":101,"editdist_8":62,"editdist_9":28,"editdist_10":7,"editdist_11":11,"editdist_12":9,"editdist_13":0,"editdist_14":0,"editdist_15":1,"editdist_16":0,"editdist_17":0,"nb_tolonger":2358,"nb_toshorter":4350,"avg_interarrival":24838},{"nb_A":16219,"nb_W":0,"nb_implicit_W":6180,"nb_dup_A":7514,"nb_dup_W":0,"nb_A_prefix":4952,"nb_W_prefix":0,"max_A_prefix":118,"avg_A_prefix":3,"max_A_AS":1192,"avg_A_AS":15,"nb_orign_change":48,"nb_new_A":2525,"nb_new_A_afterW":0,"max_path_len":25,"avg_path_len":5,"max_editdist":29,"avg_editdist":2,"editdist_7":171,"editdist_8":104,"editdist_9":25,"editdist_10":34,"editdist_11":13,"editdist_12":9,"editdist_13":31,"editdist_14":2,"editdist_15":1,"editdist_16":3,"editdist_17":0,"nb_tolonger":2258,"nb_toshorter":3922,"avg_interarrival":22962}]