[{"nb_A":9008,"nb_W":0,"nb_implicit_W":3336,"nb_dup_A":3538,"nb_dup_W":0,"nb_A_prefix":2102,"nb_W_prefix":0,"max_A_prefix":1323,"avg_A_prefix":4,"max_A_AS":6571,"avg_A_AS":54,"nb_orign_change":0,"nb_new_A":2134,"nb_new_A_afterW":0,"max_path_len":19,"avg_path_len":10,"max_editdist":6,"avg_editdist":1,"editdist_7":0,"editdist_8":0,"editdist_9":0,"editdist_10":0,"editdist_11":0,"editdist_12":0,"editdist_13":0,"editdist_14":0,"editdist_15":0,"editdist_16":0,"editdist_17":0,"nb_tolonger":667,"nb_toshorter":2669,"avg_interarrival":5513},{"nb_A":6843,"nb_W":0,"nb_implicit_W":3352,"nb_dup_A":3212,"nb_dup_W":0,"nb_A_prefix":32,"nb_W_prefix":0,"max_A_prefix":1348,"avg_A_prefix":214,"max_A_AS":6531,"avg_A_AS":570,"nb_orign_change":0,"nb_new_A":279,"nb_new_A_afterW":0,"max_path_len":18,"avg_path_len":12,"max_editdist":8,"avg_editdist":2,"editdist_7":0,"editdist_8":15,"editdist_9":0,"editdist_10":0,"editdist_11":0,"editdist_12":0,"editdist_13":0,"editdist_14":0,"editdist_15":0,"editdist_16":0,"editdist_17":0,"nb_tolonger":771,"nb_toshorter":2581,"avg_interarrival":7093},{"nb_A":8423,"nb_W":0,"nb_implicit_W":3949,"nb_dup_A":4410,"nb_dup_W":0,"nb_A_prefix":105,"nb_W_prefix":0,"max_A_prefix":1666,"avg_A_prefix":80,"max_A_AS":8149,"avg_A_AS":272,"nb_orign_change":0,"nb_new_A":64,"nb_new_A_afterW":0,"max_path_len":16,"avg_path_len":12,"max_editdist":6,"avg_editdist":1,"editdist_7":0,"editdist_8":0,"editdist_9":0,"editdist_10":0,"editdist_11":0,"editdist_12":0,"editdist_13":0,"editdist_14":0,"editdist_15":0,"editdist_16":0,"editdist_17":0,"nb_tolonger":852,"nb_toshorter":3097,"avg_interarrival":5031},{"nb_A":11214,"nb_W":0,"nb_implicit_W":5439,"nb_dup_A":4827,"nb_dup_W":0,"nb_A_prefix":47,"nb_W_prefix":0,"max_A_prefix":1594,"avg_A_prefix":239,"max_A_AS":7711,"avg_A_AS":1602,"nb_orign_change":0,"nb_new_A":948,"nb_new_A_afterW":0,"max_path_len":16,"avg_path_len":10,"max_editdist":13,"avg_editdist":2,"editdist_7":34,"editdist_8":0,"editdist_9":0,"editdist_10":0,"editdist_11":0,"editdist_12":0,"editdist_13":69,"editdist_14":0,"editdist_15":0,"editdist_16":0,"editdist_17":0,"nb_tolonger":1000,"nb_toshorter":4439,"avg_interarrival":4975},{"nb_A":12005,"nb_W":0,"nb_implicit_W":4808,"nb_dup_A":5280,"nb_dup_W":0,"nb_A_prefix":249,"nb_W_prefix":0,"max_A_prefix":1837,"avg_A_prefix":48,"max_A_AS":8975,"avg_A_AS":300,"nb_orign_change":0,"nb_new_A":1917,"nb_new_A_afterW":0,"max_path_len":20,"avg_path_len":11,"max_editdist":11,"avg_editdist":2,"editdist_7":6,"editdist_8":0,"editdist_9":5,"editdist_10":1,"editdist_11":4,"editdist_12":0,"editdist_13":0,"editdist_14":0,"editdist_15":0,"editdist_16":0,"editdist_17":0,"nb_tolonger":967,"nb_toshorter":3841,"avg_interarrival":4481},{"nb_A":11162,"nb_W":0,"nb_implicit_W":4823,"nb_dup_A":5348,"nb_dup_W":0,"nb_A_prefix":713,"nb_W_prefix":0,"max_A_prefix":1747,"avg_A_prefix":16,"max_A_AS":8719,"avg_A_AS":189,"nb_orign_change":0,"nb_new_A":991,"nb_new_A_afterW":0,"max_path_len":17,"avg_path_len":11,"max_editdist":7,"avg_editdist":2,"editdist_7":9,"editdist_8":0,"editdist_9":0,"editdist_10":0,"editdist_11":0,"editdist_12":0,"editdist_13":0,"editdist_14":0,"editdist_15":0,"editdist_16":0,"editdist_17":0,"nb_tolonger":1084,"nb_toshorter":3739,"avg_interarrival":3410},{"nb_A":1395,"nb_W":0,"nb_implicit_W":366,"nb_dup_A":360,"nb_dup_W":0,"nb_A_prefix":161,"nb_W_prefix":0,"max_A_prefix":95,"avg_A_prefix":9,"max_A_AS":449,"avg_A_AS":29,"nb_orign_change":21,"nb_new_A":669,"nb_new_A_afterW":0,"max_path_len":17,"avg_path_len":7,"max_editdist":7,"avg_editdist":3,"editdist_7":2,"editdist_8":0,"editdist_9":0,"editdist_10":0,"editdist_11":0,"editdist_12":0,"editdist_13":0,"editdist_14":0,"editdist_15":0,"editdist_16":0,"editdist_17":0,"nb_tolonger":124,"nb_toshorter":242,"avg_interarrival":10988},{"nb_A":1278,"nb_W":0,"nb_implicit_W":405,"nb_dup_A":731,"nb_dup_W":0,"nb_A_prefix":543,"nb_W_prefix":0,"max_A_prefix":93,"avg_A_prefix":2,"max_A_AS":538,"avg_A_AS":28,"nb_orign_change":0,"nb_new_A":142,"nb_new_A_afterW":0,"max_path_len":12,"avg_path_len":5,"max_editdist":6,"avg_editdist":2,"editdist_7":0,"editdist_8":0,"editdist_9":0,"editdist_10":0,"editdist_11":0,"editdist_12":0,"editdist_13":0,"editdist_14":0,"editdist_15":0,"editdist_16":0,"editdist_17":0,"nb_tolonger":130,"nb_toshorter":275,"avg_interarrival":16113},{"nb_A":9614,"nb_W":0,"nb_implicit_W":4938,"nb_dup_A":4559,"nb_dup_W":0,"nb_A_prefix":59,"nb_W_prefix":0,"max_A_prefix":1809,"avg_A_prefix":163,"max_A_AS":8790,"avg_A_AS":506,"nb_orign_change":0,"nb_new_A":117,"nb_new_A_afterW":0,"max_path_len":18,"avg_path_len":12,"max_editdist":10,"avg_editdist":2,"editdist_7":11,"editdist_8":12,"editdist_9":0,"editdist_10":1,"editdist_11":0,"editdist_12":0,"editdist_13":0,"editdist_14":0,"editdist_15":0,"editdist_16":0,"editdist_17":0,"nb_tolonger":1214,"nb_toshorter":3724,"avg_interarrival":4089},{"nb_A":23397,"nb_W":0,"nb_implicit_W":6493,"nb_dup_A":15205,"nb_dup_W":0,"nb_A_prefix":73,"nb_W_prefix":0,"max_A_prefix":1975,"avg_A_prefix":321,"max_A_AS":11799,"avg_A_AS":2127,"nb_orign_change":0,"nb_new_A":1699,"nb_new_A_afterW":0,"max_path_len":22,"avg_path_len":8,"max_editdist":8,"avg_editdist":2,"editdist_7":26,"editdist_8":39,"editdist_9":0,"editdist_10":0,"editdist_11":0,"editdist_12":0,"editdist_13":0,"editdist_14":0,"editdist_15":0,"editdist_16":0,"editdist_17":0,"nb_tolonger":1575,"nb_toshorter":4918,"avg_interarrival":2982},{"nb_A":3743,"nb_W":0,"nb_implicit_W":1374,"nb_dup_A":1428,"nb_dup_W":0,"nb_A_prefix":281,"nb_W_prefix":0,"max_A_prefix":149,"avg_A_prefix":13,"max_A_AS":813,"avg_A_AS":117,"nb_orign_change":0,"nb_new_A":941,"nb_new_A_afterW":0,"max_path_len":20,"avg_path_len":6,"max_editdist":12,"avg_editdist":2,"editdist_7":9,"editdist_8":0,"editdist_9":0,"editdist_10":0,"editdist_11":0,"editdist_12":1,"editdist_13":0,"editdist_14":0,"editdist_15":0,"editdist_16":0,"editdist_17":0,"nb_tolonger":249,"nb_toshorter":1125,"avg_interarrival":4974},{"nb_A":8391,"nb_W":0,"nb_implicit_W":4848,"nb_dup_A":2693,"nb_dup_W":0,"nb_A_prefix":531,"nb_W_prefix":0,"max_A_prefix":841,"avg_A_prefix":16,"max_A_AS":3757,"avg_A_AS":138,"nb_orign_change":72,"nb_new_A":850,"nb_new_A_afterW":0,"max_path_len":26,"avg_path_len":9,"max_editdist":16,"avg_editdist":2,"editdist_7":11,"editdist_8":8,"editdist_9":0,"editdist_10":0,"editdist_11":0,"editdist_12":0,"editdist_13":7,"editdist_14":10,"editdist_15":6,"editdist_16":2,"editdist_17":0,"nb_tolonger":1213,"nb_toshorter":3635,"avg_interarrival":3733},{"nb_A":2649,"nb_W":0,"nb_implicit_W":1332,"nb_dup_A":1003,"nb_dup_W":0,"nb_A_prefix":125,"nb_W_prefix":0,"max_A_prefix":239,"avg_A_prefix":21,"max_A_AS":1053,"avg_A_AS":72,"nb_orign_change":37,"nb_new_A":314,"nb_new_A_afterW":0,"max_path_len":28,"avg_path_len":7,"max_editdist":15,"avg_editdist":2,"editdist_7":0,"editdist_8":0,"editdist_9":0,"editdist_10":0,"editdist_11":0,"editdist_12":0,"editdist_13":31,"editdist_14":19,"editdist_15":4,"editdist_16":0,"editdist_17":0,"nb_tolonger":345,"nb_toshorter":987,"avg_interarrival":6766},{"nb_A":1035310,"nb_W":0,"nb_implicit_W":323131,"nb_dup_A":363587,"nb_dup_W":0,"nb_A_prefix":34930,"nb_W_prefix":0,"max_A_prefix":566,"avg_A_prefix":30,"max_A_AS":978606,"avg_A_AS":6511,"nb_orign_change":754,"nb_new_A":348592,"nb_new_A_afterW":0,"max_path_len":23,"avg_path_len":5,"max_editdist":17,"avg_editdist":2,"editdist_7":236,"editdist_8":190,"editdist_9":39,"editdist_10":22,"editdist_11":95,"editdist_12":38,"editdist_13":65,"editdist_14":4,"editdist_15":1,"editdist_16":0,"editdist_17":3,"nb_tolonger":121863,"nb_toshorter":201268,"avg_interarrival":3544},{"nb_A":73387,"nb_W":0,"nb_implicit_W":21252,"nb_dup_A":49742,"nb_dup_W":0,"nb_A_prefix":12305,"nb_W_prefix":0,"max_A_prefix":212,"avg_A_prefix":6,"max_A_AS":69843,"avg_A_AS":380,"nb_orign_change":360,"nb_new_A":2393,"nb_new_A_afterW":0,"max_path_len":21,"avg_path_len":5,"max_editdist":13,"avg_editdist":2,"editdist_7":126,"editdist_8":16,"editdist_9":3,"editdist_10":2,"editdist_11":0,"editdist_12":0,"editdist_13":1,"editdist_14":0,"editdist_15":0,"editdist_16":0,"editdist_17":0,"nb_tolonger":8423,"nb_toshorter":12829,"avg_interarrival":2089},{"nb_A":3910,"nb_W":0,"nb_implicit_W":2008,"nb_dup_A":1832,"nb_dup_W":0,"nb_A_prefix":452,"nb_W_prefix":0,"max_A_prefix":499,"avg_A_prefix":9,"max_A_AS":1801,"avg_A_AS":55,"nb_orign_change":5,"nb_new_A":70,"nb_new_A_afterW":0,"max_path_len":22,"avg_path_len":7,"max_editdist":16,"avg_editdist":2,"editdist_7":31,"editdist_8":38,"editdist_9":25,"editdist_10":3,"editdist_11":0,"editdist_12":0,"editdist_13":9,"editdist_14":16,"editdist_15":21,"editdist_16":6,"editdist_17":0,"nb_tolonger":438,"nb_toshorter":1570,"avg_interarrival":8439},{"nb_A":11081,"nb_W":0,"nb_implicit_W":4507,"nb_dup_A":2704,"nb_dup_W":0,"nb_A_prefix":793,"nb_W_prefix":0,"max_A_prefix":224,"avg_A_prefix":14,"max_A_AS":7071,"avg_A_AS":231,"nb_orign_change":0,"nb_new_A":3870,"nb_new_A_afterW":0,"max_path_len":28,"avg_path_len":8,"max_editdist":16,"avg_editdist":4,"editdist_7":486,"editdist_8":534,"editdist_9":0,"editdist_10":293,"editdist_11":0,"editdist_12":0,"editdist_13":221,"editdist_14":62,"editdist_15":50,"editdist_16":7,"editdist_17":0,"nb_tolonger":1427,"nb_toshorter":3080,"avg_interarrival":7460},{"nb_A":2349,"nb_W":0,"nb_implicit_W":1299,"nb_dup_A":587,"nb_dup_W":0,"nb_A_prefix":96,"nb_W_prefix":0,"max_A_prefix":157,"avg_A_prefix":24,"max_A_AS":2013,"avg_A_AS":112,"nb_orign_change":0,"nb_new_A":463,"nb_new_A_afterW":0,"max_path_len":17,"avg_path_len":7,"max_editdist":5,"avg_editdist":2,"editdist_7":0,"editdist_8":0,"editdist_9":0,"editdist_10":0,"editdist_11":0,"editdist_12":0,"editdist_13":0,"editdist_14":0,"editdist_15":0,"editdist_16":0,"editdist_17":0,"nb_tolonger":404,"nb_toshorter":895,"avg_interarrival":12973},{"nb_A":11533,"nb_W":0,"nb_implicit_W":5273,"nb_dup_A":4495,"nb_dup_W":0,"nb_A_prefix":1300,"nb_W_prefix":0,"max_A_prefix":216,"avg_A_prefix":9,"max_A_AS":2891,"avg_A_AS":87,"nb_orign_change":2,"nb_new_A":1765,"nb_new_A_afterW":0,"max_path_len":20,"avg_path_len":6,"max_editdist":14,"avg_editdist":3,"editdist_7":304,"editdist_8":60,"editdist_9":90,"editdist_10":64,"editdist_11":6,"editdist_12":0,"editdist_13":176,"editdist_14":66,"editdist_15":0,"editdist_16":0,"editdist_17":0,"nb_tolonger":2442,"nb_toshorter":2831,"avg_interarrival":5769},{"nb_A":5828,"nb_W":0,"nb_implicit_W":3326,"nb_dup_A":1779,"nb_dup_W":0,"nb_A_prefix":159,"nb_W_prefix":0,"max_A_prefix":297,"avg_A_prefix":37,"max_A_AS":2964,"avg_A_AS":265,"nb_orign_change":0,"nb_new_A":723,"nb_new_A_afterW":0,"max_path_len":22,"avg_path_len":6,"max_editdist":16,"avg_editdist":3,"editdist_7":42,"editdist_8":12,"editdist_9":11,"editdist_10":8,"editdist_11":13,"editdist_12":22,"editdist_13":116,"editdist_14":125,"editdist_15":29,"editdist_16":11,"editdist_17":0,"nb_tolonger":543,"nb_toshorter":2783,"avg_interarrival":7207},{"nb_A":980,"nb_W":0,"nb_implicit_W":625,"nb_dup_A":127,"nb_dup_W":0,"nb_A_prefix":93,"nb_W_prefix":0,"max_A_prefix":133,"avg_A_prefix":11,"max_A_AS":870,"avg_A_AS":58,"nb_orign_change":0,"nb_new_A":228,"nb_new_A_afterW":0,"max_path_len":15,"avg_path_len":6,"max_editdist":10,"avg_editdist":2,"editdist_7":1,"editdist_8":1,"editdist_9":7,"editdist_10":1,"editdist_11":0,"editdist_12":0,"editdist_13":0,"editdist_14":0,"editdist_15":0,"editdist_16":0,"editdist_17":0,"nb_tolonger":165,"nb_toshorter":460,"avg_interarrival":25351},{"nb_A":1803,"nb_W":0,"nb_implicit_W":974,"nb_dup_A":502,"nb_dup_W":0,"nb_A_prefix":77,"nb_W_prefix":0,"max_A_prefix":269,"avg_A_prefix":23,"max_A_AS":562,"avg_A_AS":200,"nb_orign_change":0,"nb_new_A":327,"nb_new_A_afterW":0,"max_path_len":14,"avg_path_len":7,"max_editdist":14,"avg_editdist":3,"editdist_7":1,"editdist_8":61,"editdist_9":60,"editdist_10":0,"editdist_11":0,"editdist_12":1,"editdist_13":0,"editdist_14":3,"editdist_15":0,"editdist_16":0,"editdist_17":0,"nb_tolonger":258,"nb_toshorter":716,"avg_interarrival":12584},{"nb_A":10243,"nb_W":0,"nb_implicit_W":6421,"nb_dup_A":3491,"nb_dup_W":0,"nb_A_prefix":307,"nb_W_prefix":0,"max_A_prefix":455,"avg_A_prefix":33,"max_A_AS":4542,"avg_A_AS":250,"nb_orign_change":0,"nb_new_A":331,"nb_new_A_afterW":0,"max_path_len":20,"avg_path_len":8,"max_editdist":13,"avg_editdist":2,"editdist_7":64,"editdist_8":87,"editdist_9":137,"editdist_10":0,"editdist_11":0,"editdist_12":1,"editdist_13":71,"editdist_14":0,"editdist_15":0,"editdist_16":0,"editdist_17":0,"nb_tolonger":1465,"nb_toshorter":4956,"avg_interarrival":6812}]