[{"nb_A":1853,"nb_W":0,"nb_implicit_W":0,"nb_dup_A":0,"nb_dup_W":0,"nb_A_prefix":1853,"nb_W_prefix":0,"max_A_prefix":1,"avg_A_prefix":1,"max_A_AS":1203,"avg_A_AS":31,"nb_orign_change":0,"nb_new_A":1853,"nb_new_A_afterW":0,"max_path_len":14,"avg_path_len":5,"max_editdist":0,"avg_editdist":0,"editdist_7":0,"editdist_8":0,"editdist_9":0,"editdist_10":0,"editdist_11":0,"editdist_12":0,"editdist_13":0,"editdist_14":0,"editdist_15":0,"editdist_16":0,"editdist_17":0,"nb_tolonger":0,"nb_toshorter":0,"avg_interarrival":10000},{"nb_A":9,"nb_W":0,"nb_implicit_W":1,"nb_dup_A":1,"nb_dup_W":0,"nb_A_prefix":1,"nb_W_prefix":0,"max_A_prefix":0,"avg_A_prefix":0,"max_A_AS":0,"avg_A_AS":0,"nb_orign_change":0,"nb_new_A":7,"nb_new_A_afterW":0,"max_path_len":6,"avg_path_len":5,"max_editdist":0,"avg_editdist":0,"editdist_7":0,"editdist_8":0,"editdist_9":0,"editdist_10":0,"editdist_11":0,"editdist_12":0,"editdist_13":0,"editdist_14":0,"editdist_15":0,"editdist_16":0,"editdist_17":0,"nb_tolonger":0,"nb_toshorter":1,"avg_interarrival":16500},{"nb_A":799,"nb_W":0,"nb_implicit_W":136,"nb_dup_A":162,"nb_dup_W":0,"nb_A_prefix":20,"nb_W_prefix":0,"max_A_prefix":43,"avg_A_prefix":40,"max_A_AS":790,"avg_A_AS":400,"nb_orign_change":0,"nb_new_A":501,"nb_new_A_afterW":0,"max_path_len":16,"avg_path_len":13,"max_editdist":3,"avg_editdist":1,"editdist_7":0,"editdist_8":0,"editdist_9":0,"editdist_10":0,"editdist_11":0,"editdist_12":0,"editdist_13":0,"editdist_14":0,"editdist_15":0,"editdist_16":0,"editdist_17":0,"nb_tolonger":28,"nb_toshorter":108,"avg_interarrival":51870},{"nb_A":459,"nb_W":0,"nb_implicit_W":196,"nb_dup_A":157,"nb_dup_W":0,"nb_A_prefix":17,"nb_W_prefix":0,"max_A_prefix":191,"avg_A_prefix":27,"max_A_AS":191,"avg_A_AS":66,"nb_orign_change":0,"nb_new_A":106,"nb_new_A_afterW":0,"max_path_len":17,"avg_path_len":9,"max_editdist":5,"avg_editdist":1,"editdist_7":0,"editdist_8":0,"editdist_9":0,"editdist_10":0,"editdist_11":0,"editdist_12":0,"editdist_13":0,"editdist_14":0,"editdist_15":0,"editdist_16":0,"editdist_17":0,"nb_tolonger":49,"nb_toshorter":147,"avg_interarrival":7975},{"nb_A":55,"nb_W":0,"nb_implicit_W":5,"nb_dup_A":21,"nb_dup_W":0,"nb_A_prefix":12,"nb_W_prefix":0,"max_A_prefix":29,"avg_A_prefix":5,"max_A_AS":29,"avg_A_AS":9,"nb_orign_change":0,"nb_new_A":29,"nb_new_A_afterW":0,"max_path_len":13,"avg_path_len":6,"max_editdist":1,"avg_editdist":1,"editdist_7":0,"editdist_8":0,"editdist_9":0,"editdist_10":0,"editdist_11":0,"editdist_12":0,"editdist_13":0,"editdist_14":0,"editdist_15":0,"editdist_16":0,"editdist_17":0,"nb_tolonger":0,"nb_toshorter":5,"avg_interarrival":91576},{"nb_A":151,"nb_W":0,"nb_implicit_W":7,"nb_dup_A":85,"nb_dup_W":0,"nb_A_prefix":16,"nb_W_prefix":0,"max_A_prefix":48,"avg_A_prefix":9,"max_A_AS":48,"avg_A_AS":15,"nb_orign_change":0,"nb_new_A":59,"nb_new_A_afterW":0,"max_path_len":13,"avg_path_len":6,"max_editdist":4,"avg_editdist":1,"editdist_7":0,"editdist_8":0,"editdist_9":0,"editdist_10":0,"editdist_11":0,"editdist_12":0,"editdist_13":0,"editdist_14":0,"editdist_15":0,"editdist_16":0,"editdist_17":0,"nb_tolonger":0,"nb_toshorter":7,"avg_interarrival":44236},{"nb_A":151,"nb_W":0,"nb_implicit_W":16,"nb_dup_A":5,"nb_dup_W":0,"nb_A_prefix":19,"nb_W_prefix":0,"max_A_prefix":17,"avg_A_prefix":8,"max_A_AS":120,"avg_A_AS":25,"nb_orign_change":0,"nb_new_A":130,"nb_new_A_afterW":0,"max_path_len":7,"avg_path_len":6,"max_editdist":2,"avg_editdist":2,"editdist_7":0,"editdist_8":0,"editdist_9":0,"editdist_10":0,"editdist_11":0,"editdist_12":0,"editdist_13":0,"editdist_14":0,"editdist_15":0,"editdist_16":0,"editdist_17":0,"nb_tolonger":0,"nb_toshorter":16,"avg_interarrival":111821},{"nb_A":20,"nb_W":0,"nb_implicit_W":0,"nb_dup_A":18,"nb_dup_W":0,"nb_A_prefix":9,"nb_W_prefix":0,"max_A_prefix":4,"avg_A_prefix":2,"max_A_AS":12,"avg_A_AS":5,"nb_orign_change":0,"nb_new_A":2,"nb_new_A_afterW":0,"max_path_len":7,"avg_path_len":6,"max_editdist":0,"avg_editdist":0,"editdist_7":0,"editdist_8":0,"editdist_9":0,"editdist_10":0,"editdist_11":0,"editdist_12":0,"editdist_13":0,"editdist_14":0,"editdist_15":0,"editdist_16":0,"editdist_17":0,"nb_tolonger":0,"nb_toshorter":0,"avg_interarrival":278333},{"nb_A":1871,"nb_W":0,"nb_implicit_W":941,"nb_dup_A":456,"nb_dup_W":0,"nb_A_prefix":54,"nb_W_prefix":0,"max_A_prefix":296,"avg_A_prefix":35,"max_A_AS":1172,"avg_A_AS":134,"nb_orign_change":0,"nb_new_A":474,"nb_new_A_afterW":0,"max_path_len":18,"avg_path_len":13,"max_editdist":4,"avg_editdist":1,"editdist_7":0,"editdist_8":0,"editdist_9":0,"editdist_10":0,"editdist_11":0,"editdist_12":0,"editdist_13":0,"editdist_14":0,"editdist_15":0,"editdist_16":0,"editdist_17":0,"nb_tolonger":187,"nb_toshorter":754,"avg_interarrival":7845},{"nb_A":1226,"nb_W":0,"nb_implicit_W":605,"nb_dup_A":537,"nb_dup_W":0,"nb_A_prefix":20,"nb_W_prefix":0,"max_A_prefix":179,"avg_A_prefix":61,"max_A_AS":501,"avg_A_AS":175,"nb_orign_change":0,"nb_new_A":84,"nb_new_A_afterW":0,"max_path_len":18,"avg_path_len":9,"max_editdist":3,"avg_editdist":1,"editdist_7":0,"editdist_8":0,"editdist_9":0,"editdist_10":0,"editdist_11":0,"editdist_12":0,"editdist_13":0,"editdist_14":0,"editdist_15":0,"editdist_16":0,"editdist_17":0,"nb_tolonger":186,"nb_toshorter":419,"avg_interarrival":10750},{"nb_A":507,"nb_W":0,"nb_implicit_W":193,"nb_dup_A":246,"nb_dup_W":0,"nb_A_prefix":50,"nb_W_prefix":0,"max_A_prefix":62,"avg_A_prefix":10,"max_A_AS":227,"avg_A_AS":34,"nb_orign_change":0,"nb_new_A":68,"nb_new_A_afterW":0,"max_path_len":11,"avg_path_len":6,"max_editdist":4,"avg_editdist":2,"editdist_7":0,"editdist_8":0,"editdist_9":0,"editdist_10":0,"editdist_11":0,"editdist_12":0,"editdist_13":0,"editdist_14":0,"editdist_15":0,"editdist_16":0,"editdist_17":0,"nb_tolonger":7,"nb_toshorter":186,"avg_interarrival":32327},{"nb_A":329,"nb_W":0,"nb_implicit_W":120,"nb_dup_A":157,"nb_dup_W":0,"nb_A_prefix":8,"nb_W_prefix":0,"max_A_prefix":121,"avg_A_prefix":41,"max_A_AS":121,"avg_A_AS":66,"nb_orign_change":0,"nb_new_A":52,"nb_new_A_afterW":0,"max_path_len":16,"avg_path_len":9,"max_editdist":3,"avg_editdist":1,"editdist_7":0,"editdist_8":0,"editdist_9":0,"editdist_10":0,"editdist_11":0,"editdist_12":0,"editdist_13":0,"editdist_14":0,"editdist_15":0,"editdist_16":0,"editdist_17":0,"nb_tolonger":43,"nb_toshorter":77,"avg_interarrival":24730},{"nb_A":1046,"nb_W":0,"nb_implicit_W":592,"nb_dup_A":326,"nb_dup_W":0,"nb_A_prefix":14,"nb_W_prefix":0,"max_A_prefix":233,"avg_A_prefix":75,"max_A_AS":918,"avg_A_AS":209,"nb_orign_change":0,"nb_new_A":128,"nb_new_A_afterW":0,"max_path_len":15,"avg_path_len":6,"max_editdist":5,"avg_editdist":2,"editdist_7":0,"editdist_8":0,"editdist_9":0,"editdist_10":0,"editdist_11":0,"editdist_12":0,"editdist_13":0,"editdist_14":0,"editdist_15":0,"editdist_16":0,"editdist_17":0,"nb_tolonger":147,"nb_toshorter":445,"avg_interarrival":12981},{"nb_A":6575,"nb_W":0,"nb_implicit_W":761,"nb_dup_A":1376,"nb_dup_W":0,"nb_A_prefix":780,"nb_W_prefix":0,"max_A_prefix":56,"avg_A_prefix":8,"max_A_AS":5189,"avg_A_AS":89,"nb_orign_change":0,"nb_new_A":4438,"nb_new_A_afterW":0,"max_path_len":22,"avg_path_len":5,"max_editdist":2,"avg_editdist":1,"editdist_7":0,"editdist_8":0,"editdist_9":0,"editdist_10":0,"editdist_11":0,"editdist_12":0,"editdist_13":0,"editdist_14":0,"editdist_15":0,"editdist_16":0,"editdist_17":0,"nb_tolonger":13,"nb_toshorter":748,"avg_interarrival":11107},{"nb_A":3596,"nb_W":0,"nb_implicit_W":1768,"nb_dup_A":698,"nb_dup_W":0,"nb_A_prefix":258,"nb_W_prefix":0,"max_A_prefix":132,"avg_A_prefix":14,"max_A_AS":3432,"avg_A_AS":327,"nb_orign_change":0,"nb_new_A":1130,"nb_new_A_afterW":0,"max_path_len":17,"avg_path_len":7,"max_editdist":6,"avg_editdist":2,"editdist_7":0,"editdist_8":0,"editdist_9":0,"editdist_10":0,"editdist_11":0,"editdist_12":0,"editdist_13":0,"editdist_14":0,"editdist_15":0,"editdist_16":0,"editdist_17":0,"nb_tolonger":705,"nb_toshorter":1063,"avg_interarrival":18418},{"nb_A":304,"nb_W":0,"nb_implicit_W":77,"nb_dup_A":136,"nb_dup_W":0,"nb_A_prefix":101,"nb_W_prefix":0,"max_A_prefix":53,"avg_A_prefix":3,"max_A_AS":113,"avg_A_AS":15,"nb_orign_change":0,"nb_new_A":91,"nb_new_A_afterW":0,"max_path_len":15,"avg_path_len":8,"max_editdist":4,"avg_editdist":3,"editdist_7":0,"editdist_8":0,"editdist_9":0,"editdist_10":0,"editdist_11":0,"editdist_12":0,"editdist_13":0,"editdist_14":0,"editdist_15":0,"editdist_16":0,"editdist_17":0,"nb_tolonger":58,"nb_toshorter":19,"avg_interarrival":48375},{"nb_A":88,"nb_W":0,"nb_implicit_W":27,"nb_dup_A":59,"nb_dup_W":0,"nb_A_prefix":51,"nb_W_prefix":0,"max_A_prefix":4,"avg_A_prefix":2,"max_A_AS":27,"avg_A_AS":18,"nb_orign_change":0,"nb_new_A":2,"nb_new_A_afterW":0,"max_path_len":8,"avg_path_len":6,"max_editdist":3,"avg_editdist":3,"editdist_7":0,"editdist_8":0,"editdist_9":0,"editdist_10":0,"editdist_11":0,"editdist_12":0,"editdist_13":0,"editdist_14":0,"editdist_15":0,"editdist_16":0,"editdist_17":0,"nb_tolonger":27,"nb_toshorter":0,"avg_interarrival":122056},{"nb_A":30,"nb_W":0,"nb_implicit_W":0,"nb_dup_A":30,"nb_dup_W":0,"nb_A_prefix":9,"nb_W_prefix":0,"max_A_prefix":8,"avg_A_prefix":3,"max_A_AS":18,"avg_A_AS":10,"nb_orign_change":0,"nb_new_A":0,"nb_new_A_afterW":0,"max_path_len":13,"avg_path_len":6,"max_editdist":0,"avg_editdist":0,"editdist_7":0,"editdist_8":0,"editdist_9":0,"editdist_10":0,"editdist_11":0,"editdist_12":0,"editdist_13":0,"editdist_14":0,"editdist_15":0,"editdist_16":0,"editdist_17":0,"nb_tolonger":0,"nb_toshorter":0,"avg_interarrival":13333},{"nb_A":95,"nb_W":0,"nb_implicit_W":6,"nb_dup_A":88,"nb_dup_W":0,"nb_A_prefix":19,"nb_W_prefix":0,"max_A_prefix":26,"avg_A_prefix":5,"max_A_AS":72,"avg_A_AS":12,"nb_orign_change":0,"nb_new_A":1,"nb_new_A_afterW":0,"max_path_len":11,"avg_path_len":5,"max_editdist":1,"avg_editdist":1,"editdist_7":0,"editdist_8":0,"editdist_9":0,"editdist_10":0,"editdist_11":0,"editdist_12":0,"editdist_13":0,"editdist_14":0,"editdist_15":0,"editdist_16":0,"editdist_17":0,"nb_tolonger":0,"nb_toshorter":6,"avg_interarrival":63207},{"nb_A":1843,"nb_W":0,"nb_implicit_W":0,"nb_dup_A":233,"nb_dup_W":0,"nb_A_prefix":1843,"nb_W_prefix":0,"max_A_prefix":1,"avg_A_prefix":1,"max_A_AS":1195,"avg_A_AS":32,"nb_orign_change":0,"nb_new_A":1610,"nb_new_A_afterW":0,"max_path_len":12,"avg_path_len":5,"max_editdist":0,"avg_editdist":0,"editdist_7":0,"editdist_8":0,"editdist_9":0,"editdist_10":0,"editdist_11":0,"editdist_12":0,"editdist_13":0,"editdist_14":0,"editdist_15":0,"editdist_16":0,"editdist_17":0,"nb_tolonger":0,"nb_toshorter":0,"avg_interarrival":0},{"nb_A":4092,"nb_W":0,"nb_implicit_W":218,"nb_dup_A":2295,"nb_dup_W":0,"nb_A_prefix":2027,"nb_W_prefix":0,"max_A_prefix":50,"avg_A_prefix":2,"max_A_AS":1995,"avg_A_AS":63,"nb_orign_change":0,"nb_new_A":1579,"nb_new_A_afterW":0,"max_path_len":15,"avg_path_len":5,"max_editdist":2,"avg_editdist":1,"editdist_7":0,"editdist_8":0,"editdist_9":0,"editdist_10":0,"editdist_11":0,"editdist_12":0,"editdist_13":0,"editdist_14":0,"editdist_15":0,"editdist_16":0,"editdist_17":0,"nb_tolonger":22,"nb_toshorter":196,"avg_interarrival":16955},{"nb_A":0,"nb_W":0,"nb_implicit_W":0,"nb_dup_A":0,"nb_dup_W":0,"nb_A_prefix":0,"nb_W_prefix":0,"max_A_prefix":0,"avg_A_prefix":0,"max_A_AS":0,"avg_A_AS":0,"nb_orign_change":0,"nb_new_A":0,"nb_new_A_afterW":0,"max_path_len":0,"avg_path_len":0,"max_editdist":0,"avg_editdist":0,"editdist_7":0,"editdist_8":0,"editdist_9":0,"editdist_10":0,"editdist_11":0,"editdist_12":0,"editdist_13":0,"editdist_14":0,"editdist_15":0,"editdist_16":0,"editdist_17":0,"nb_tolonger":0,"nb_toshorter":0,"avg_interarrival":0},{"nb_A":1981,"nb_W":0,"nb_implicit_W":3,"nb_dup_A":1948,"nb_dup_W":0,"nb_A_prefix":1928,"nb_W_prefix":0,"max_A_prefix":31,"avg_A_prefix":1,"max_A_AS":1169,"avg_A_AS":31,"nb_orign_change":0,"nb_new_A":30,"nb_new_A_afterW":0,"max_path_len":15,"avg_path_len":4,"max_editdist":2,"avg_editdist":1,"editdist_7":0,"editdist_8":0,"editdist_9":0,"editdist_10":0,"editdist_11":0,"editdist_12":0,"editdist_13":0,"editdist_14":0,"editdist_15":0,"editdist_16":0,"editdist_17":0,"nb_tolonger":0,"nb_toshorter":3,"avg_interarrival":43682}]