[{"nb_A":16836,"nb_W":0,"nb_implicit_W":1364,"nb_dup_A":10723,"nb_dup_W":0,"nb_A_prefix":4769,"nb_W_prefix":0,"max_A_prefix":8,"avg_A_prefix":4,"max_A_AS":14127,"avg_A_AS":115,"nb_orign_change":0,"nb_new_A":4749,"nb_new_A_afterW":0,"max_path_len":16,"avg_path_len":4,"max_editdist":3,"avg_editdist":1,"editdist_7":0,"editdist_8":0,"editdist_9":0,"editdist_10":0,"editdist_11":0,"editdist_12":0,"editdist_13":0,"editdist_14":0,"editdist_15":0,"editdist_16":0,"editdist_17":0,"nb_tolonger":4,"nb_toshorter":1360,"avg_interarrival":27286},{"nb_A":469,"nb_W":0,"nb_implicit_W":207,"nb_dup_A":145,"nb_dup_W":0,"nb_A_prefix":44,"nb_W_prefix":0,"max_A_prefix":173,"avg_A_prefix":11,"max_A_AS":451,"avg_A_AS":234,"nb_orign_change":0,"nb_new_A":117,"nb_new_A_afterW":0,"max_path_len":11,"avg_path_len":4,"max_editdist":8,"avg_editdist":2,"editdist_7":2,"editdist_8":8,"editdist_9":0,"editdist_10":0,"editdist_11":0,"editdist_12":0,"editdist_13":0,"editdist_14":0,"editdist_15":0,"editdist_16":0,"editdist_17":0,"nb_tolonger":56,"nb_toshorter":151,"avg_interarrival":6571},{"nb_A":1425,"nb_W":0,"nb_implicit_W":503,"nb_dup_A":228,"nb_dup_W":0,"nb_A_prefix":56,"nb_W_prefix":0,"max_A_prefix":110,"avg_A_prefix":25,"max_A_AS":403,"avg_A_AS":75,"nb_orign_change":0,"nb_new_A":694,"nb_new_A_afterW":0,"max_path_len":28,"avg_path_len":6,"max_editdist":12,"avg_editdist":2,"editdist_7":11,"editdist_8":5,"editdist_9":5,"editdist_10":0,"editdist_11":0,"editdist_12":2,"editdist_13":0,"editdist_14":0,"editdist_15":0,"editdist_16":0,"editdist_17":0,"nb_tolonger":67,"nb_toshorter":436,"avg_interarrival":13413},{"nb_A":88,"nb_W":0,"nb_implicit_W":32,"nb_dup_A":21,"nb_dup_W":0,"nb_A_prefix":15,"nb_W_prefix":0,"max_A_prefix":34,"avg_A_prefix":6,"max_A_AS":34,"avg_A_AS":18,"nb_orign_change":0,"nb_new_A":35,"nb_new_A_afterW":0,"max_path_len":14,"avg_path_len":6,"max_editdist":8,"avg_editdist":2,"editdist_7":1,"editdist_8":3,"editdist_9":0,"editdist_10":0,"editdist_11":0,"editdist_12":0,"editdist_13":0,"editdist_14":0,"editdist_15":0,"editdist_16":0,"editdist_17":0,"nb_tolonger":12,"nb_toshorter":20,"avg_interarrival":41093},{"nb_A":170,"nb_W":0,"nb_implicit_W":67,"nb_dup_A":13,"nb_dup_W":0,"nb_A_prefix":62,"nb_W_prefix":0,"max_A_prefix":109,"avg_A_prefix":3,"max_A_AS":109,"avg_A_AS":7,"nb_orign_change":0,"nb_new_A":90,"nb_new_A_afterW":0,"max_path_len":11,"avg_path_len":6,"max_editdist":8,"avg_editdist":4,"editdist_7":4,"editdist_8":19,"editdist_9":0,"editdist_10":0,"editdist_11":0,"editdist_12":0,"editdist_13":0,"editdist_14":0,"editdist_15":0,"editdist_16":0,"editdist_17":0,"nb_tolonger":20,"nb_toshorter":47,"avg_interarrival":11905},{"nb_A":12,"nb_W":0,"nb_implicit_W":0,"nb_dup_A":2,"nb_dup_W":0,"nb_A_prefix":6,"nb_W_prefix":0,"max_A_prefix":3,"avg_A_prefix":2,"max_A_AS":5,"avg_A_AS":3,"nb_orign_change":0,"nb_new_A":10,"nb_new_A_afterW":0,"max_path_len":7,"avg_path_len":5,"max_editdist":0,"avg_editdist":0,"editdist_7":0,"editdist_8":0,"editdist_9":0,"editdist_10":0,"editdist_11":0,"editdist_12":0,"editdist_13":0,"editdist_14":0,"editdist_15":0,"editdist_16":0,"editdist_17":0,"nb_tolonger":0,"nb_toshorter":0,"avg_interarrival":123250},{"nb_A":4469,"nb_W":0,"nb_implicit_W":944,"nb_dup_A":229,"nb_dup_W":0,"nb_A_prefix":1238,"nb_W_prefix":0,"max_A_prefix":182,"avg_A_prefix":4,"max_A_AS":2570,"avg_A_AS":44,"nb_orign_change":0,"nb_new_A":3296,"nb_new_A_afterW":0,"max_path_len":11,"avg_path_len":5,"max_editdist":8,"avg_editdist":1,"editdist_7":0,"editdist_8":12,"editdist_9":0,"editdist_10":0,"editdist_11":0,"editdist_12":0,"editdist_13":0,"editdist_14":0,"editdist_15":0,"editdist_16":0,"editdist_17":0,"nb_tolonger":211,"nb_toshorter":733,"avg_interarrival":13974},{"nb_A":63,"nb_W":0,"nb_implicit_W":54,"nb_dup_A":7,"nb_dup_W":0,"nb_A_prefix":63,"nb_W_prefix":0,"max_A_prefix":1,"avg_A_prefix":1,"max_A_AS":7,"avg_A_AS":2,"nb_orign_change":0,"nb_new_A":2,"nb_new_A_afterW":0,"max_path_len":8,"avg_path_len":7,"max_editdist":1,"avg_editdist":1,"editdist_7":0,"editdist_8":0,"editdist_9":0,"editdist_10":0,"editdist_11":0,"editdist_12":0,"editdist_13":0,"editdist_14":0,"editdist_15":0,"editdist_16":0,"editdist_17":0,"nb_tolonger":0,"nb_toshorter":54,"avg_interarrival":408000},{"nb_A":308,"nb_W":0,"nb_implicit_W":98,"nb_dup_A":100,"nb_dup_W":0,"nb_A_prefix":18,"nb_W_prefix":0,"max_A_prefix":99,"avg_A_prefix":17,"max_A_AS":101,"avg_A_AS":26,"nb_orign_change":0,"nb_new_A":110,"nb_new_A_afterW":0,"max_path_len":13,"avg_path_len":5,"max_editdist":8,"avg_editdist":2,"editdist_7":0,"editdist_8":6,"editdist_9":0,"editdist_10":0,"editdist_11":0,"editdist_12":0,"editdist_13":0,"editdist_14":0,"editdist_15":0,"editdist_16":0,"editdist_17":0,"nb_tolonger":28,"nb_toshorter":70,"avg_interarrival":12732},{"nb_A":129,"nb_W":0,"nb_implicit_W":59,"nb_dup_A":56,"nb_dup_W":0,"nb_A_prefix":11,"nb_W_prefix":0,"max_A_prefix":81,"avg_A_prefix":12,"max_A_AS":83,"avg_A_AS":18,"nb_orign_change":0,"nb_new_A":14,"nb_new_A_afterW":0,"max_path_len":9,"avg_path_len":6,"max_editdist":5,"avg_editdist":2,"editdist_7":0,"editdist_8":0,"editdist_9":0,"editdist_10":0,"editdist_11":0,"editdist_12":0,"editdist_13":0,"editdist_14":0,"editdist_15":0,"editdist_16":0,"editdist_17":0,"nb_tolonger":22,"nb_toshorter":37,"avg_interarrival":30263},{"nb_A":88,"nb_W":0,"nb_implicit_W":29,"nb_dup_A":58,"nb_dup_W":0,"nb_A_prefix":3,"nb_W_prefix":0,"max_A_prefix":86,"avg_A_prefix":29,"max_A_AS":86,"avg_A_AS":44,"nb_orign_change":0,"nb_new_A":1,"nb_new_A_afterW":0,"max_path_len":7,"avg_path_len":4,"max_editdist":1,"avg_editdist":1,"editdist_7":0,"editdist_8":0,"editdist_9":0,"editdist_10":0,"editdist_11":0,"editdist_12":0,"editdist_13":0,"editdist_14":0,"editdist_15":0,"editdist_16":0,"editdist_17":0,"nb_tolonger":0,"nb_toshorter":29,"avg_interarrival":19170},{"nb_A":282,"nb_W":0,"nb_implicit_W":43,"nb_dup_A":140,"nb_dup_W":0,"nb_A_prefix":40,"nb_W_prefix":0,"max_A_prefix":70,"avg_A_prefix":7,"max_A_AS":153,"avg_A_AS":70,"nb_orign_change":0,"nb_new_A":99,"nb_new_A_afterW":0,"max_path_len":7,"avg_path_len":4,"max_editdist":3,"avg_editdist":2,"editdist_7":0,"editdist_8":0,"editdist_9":0,"editdist_10":0,"editdist_11":0,"editdist_12":0,"editdist_13":0,"editdist_14":0,"editdist_15":0,"editdist_16":0,"editdist_17":0,"nb_tolonger":5,"nb_toshorter":38,"avg_interarrival":47500},{"nb_A":18,"nb_W":0,"nb_implicit_W":3,"nb_dup_A":15,"nb_dup_W":0,"nb_A_prefix":4,"nb_W_prefix":0,"max_A_prefix":13,"avg_A_prefix":4,"max_A_AS":17,"avg_A_AS":9,"nb_orign_change":0,"nb_new_A":0,"nb_new_A_afterW":0,"max_path_len":9,"avg_path_len":8,"max_editdist":2,"avg_editdist":1,"editdist_7":0,"editdist_8":0,"editdist_9":0,"editdist_10":0,"editdist_11":0,"editdist_12":0,"editdist_13":0,"editdist_14":0,"editdist_15":0,"editdist_16":0,"editdist_17":0,"nb_tolonger":1,"nb_toshorter":2,"avg_interarrival":92444},{"nb_A":6114,"nb_W":0,"nb_implicit_W":493,"nb_dup_A":960,"nb_dup_W":0,"nb_A_prefix":2964,"nb_W_prefix":0,"max_A_prefix":109,"avg_A_prefix":2,"max_A_AS":5400,"avg_A_AS":185,"nb_orign_change":0,"nb_new_A":4661,"nb_new_A_afterW":0,"max_path_len":20,"avg_path_len":5,"max_editdist":12,"avg_editdist":4,"editdist_7":14,"editdist_8":0,"editdist_9":0,"editdist_10":0,"editdist_11":6,"editdist_12":44,"editdist_13":0,"editdist_14":0,"editdist_15":0,"editdist_16":0,"editdist_17":0,"nb_tolonger":240,"nb_toshorter":253,"avg_interarrival":13328},{"nb_A":3330,"nb_W":0,"nb_implicit_W":1729,"nb_dup_A":88,"nb_dup_W":0,"nb_A_prefix":1679,"nb_W_prefix":0,"max_A_prefix":93,"avg_A_prefix":2,"max_A_AS":1434,"avg_A_AS":24,"nb_orign_change":0,"nb_new_A":1513,"nb_new_A_afterW":0,"max_path_len":17,"avg_path_len":6,"max_editdist":12,"avg_editdist":3,"editdist_7":2,"editdist_8":1,"editdist_9":0,"editdist_10":0,"editdist_11":0,"editdist_12":121,"editdist_13":0,"editdist_14":0,"editdist_15":0,"editdist_16":0,"editdist_17":0,"nb_tolonger":1300,"nb_toshorter":429,"avg_interarrival":33943},{"nb_A":1723,"nb_W":0,"nb_implicit_W":1178,"nb_dup_A":510,"nb_dup_W":0,"nb_A_prefix":12,"nb_W_prefix":0,"max_A_prefix":266,"avg_A_prefix":144,"max_A_AS":1173,"avg_A_AS":287,"nb_orign_change":0,"nb_new_A":35,"nb_new_A_afterW":0,"max_path_len":13,"avg_path_len":6,"max_editdist":9,"avg_editdist":2,"editdist_7":22,"editdist_8":18,"editdist_9":1,"editdist_10":0,"editdist_11":0,"editdist_12":0,"editdist_13":0,"editdist_14":0,"editdist_15":0,"editdist_16":0,"editdist_17":0,"nb_tolonger":486,"nb_toshorter":692,"avg_interarrival":8443},{"nb_A":3071,"nb_W":0,"nb_implicit_W":1641,"nb_dup_A":718,"nb_dup_W":0,"nb_A_prefix":62,"nb_W_prefix":0,"max_A_prefix":233,"avg_A_prefix":50,"max_A_AS":2553,"avg_A_AS":341,"nb_orign_change":0,"nb_new_A":712,"nb_new_A_afterW":0,"max_path_len":25,"avg_path_len":6,"max_editdist":10,"avg_editdist":2,"editdist_7":11,"editdist_8":43,"editdist_9":0,"editdist_10":1,"editdist_11":0,"editdist_12":0,"editdist_13":0,"editdist_14":0,"editdist_15":0,"editdist_16":0,"editdist_17":0,"nb_tolonger":636,"nb_toshorter":1005,"avg_interarrival":13343},{"nb_A":1555,"nb_W":0,"nb_implicit_W":924,"nb_dup_A":398,"nb_dup_W":0,"nb_A_prefix":105,"nb_W_prefix":0,"max_A_prefix":167,"avg_A_prefix":15,"max_A_AS":646,"avg_A_AS":194,"nb_orign_change":0,"nb_new_A":233,"nb_new_A_afterW":0,"max_path_len":22,"avg_path_len":5,"max_editdist":7,"avg_editdist":2,"editdist_7":10,"editdist_8":0,"editdist_9":0,"editdist_10":0,"editdist_11":0,"editdist_12":0,"editdist_13":0,"editdist_14":0,"editdist_15":0,"editdist_16":0,"editdist_17":0,"nb_tolonger":149,"nb_toshorter":775,"avg_interarrival":13895},{"nb_A":8118,"nb_W":0,"nb_implicit_W":2970,"nb_dup_A":4614,"nb_dup_W":0,"nb_A_prefix":2848,"nb_W_prefix":0,"max_A_prefix":223,"avg_A_prefix":3,"max_A_AS":2768,"avg_A_AS":208,"nb_orign_change":0,"nb_new_A":534,"nb_new_A_afterW":0,"max_path_len":24,"avg_path_len":6,"max_editdist":25,"avg_editdist":3,"editdist_7":54,"editdist_8":45,"editdist_9":0,"editdist_10":12,"editdist_11":3,"editdist_12":12,"editdist_13":11,"editdist_14":14,"editdist_15":3,"editdist_16":1,"editdist_17":3,"nb_tolonger":1401,"nb_toshorter":1569,"avg_interarrival":7385},{"nb_A":320,"nb_W":0,"nb_implicit_W":2,"nb_dup_A":318,"nb_dup_W":0,"nb_A_prefix":143,"nb_W_prefix":0,"max_A_prefix":4,"avg_A_prefix":2,"max_A_AS":312,"avg_A_AS":107,"nb_orign_change":0,"nb_new_A":0,"nb_new_A_afterW":0,"max_path_len":5,"avg_path_len":2,"max_editdist":2,"avg_editdist":2,"editdist_7":0,"editdist_8":0,"editdist_9":0,"editdist_10":0,"editdist_11":0,"editdist_12":0,"editdist_13":0,"editdist_14":0,"editdist_15":0,"editdist_16":0,"editdist_17":0,"nb_tolonger":1,"nb_toshorter":1,"avg_interarrival":193529},{"nb_A":0,"nb_W":0,"nb_implicit_W":0,"nb_dup_A":0,"nb_dup_W":0,"nb_A_prefix":0,"nb_W_prefix":0,"max_A_prefix":0,"avg_A_prefix":0,"max_A_AS":0,"avg_A_AS":0,"nb_orign_change":0,"nb_new_A":0,"nb_new_A_afterW":0,"max_path_len":0,"avg_path_len":0,"max_editdist":0,"avg_editdist":0,"editdist_7":0,"editdist_8":0,"editdist_9":0,"editdist_10":0,"editdist_11":0,"editdist_12":0,"editdist_13":0,"editdist_14":0,"editdist_15":0,"editdist_16":0,"editdist_17":0,"nb_tolonger":0,"nb_toshorter":0,"avg_interarrival":0},{"nb_A":810,"nb_W":0,"nb_implicit_W":548,"nb_dup_A":165,"nb_dup_W":0,"nb_A_prefix":12,"nb_W_prefix":0,"max_A_prefix":123,"avg_A_prefix":68,"max_A_AS":398,"avg_A_AS":270,"nb_orign_change":0,"nb_new_A":97,"nb_new_A_afterW":0,"max_path_len":12,"avg_path_len":6,"max_editdist":8,"avg_editdist":3,"editdist_7":15,"editdist_8":3,"editdist_9":0,"editdist_10":0,"editdist_11":0,"editdist_12":0,"editdist_13":0,"editdist_14":0,"editdist_15":0,"editdist_16":0,"editdist_17":0,"nb_tolonger":96,"nb_toshorter":452,"avg_interarrival":13657},{"nb_A":30,"nb_W":0,"nb_implicit_W":2,"nb_dup_A":6,"nb_dup_W":0,"nb_A_prefix":11,"nb_W_prefix":0,"max_A_prefix":11,"avg_A_prefix":3,"max_A_AS":18,"avg_A_AS":10,"nb_orign_change":0,"nb_new_A":22,"nb_new_A_afterW":0,"max_path_len":7,"avg_path_len":4,"max_editdist":1,"avg_editdist":1,"editdist_7":0,"editdist_8":0,"editdist_9":0,"editdist_10":0,"editdist_11":0,"editdist_12":0,"editdist_13":0,"editdist_14":0,"editdist_15":0,"editdist_16":0,"editdist_17":0,"nb_tolonger":0,"nb_toshorter":2,"avg_interarrival":236500}]