[{"nb_A":35360,"nb_W":0,"nb_implicit_W":26897,"nb_dup_A":4998,"nb_dup_W":0,"nb_A_prefix":4783,"nb_W_prefix":0,"max_A_prefix":7986,"avg_A_prefix":7,"max_A_AS":7986,"avg_A_AS":46,"nb_orign_change":53,"nb_new_A":3465,"nb_new_A_afterW":0,"max_path_len":31,"avg_path_len":6,"max_editdist":18,"avg_editdist":2,"editdist_7":73,"editdist_8":254,"editdist_9":22,"editdist_10":516,"editdist_11":11,"editdist_12":56,"editdist_13":10,"editdist_14":11,"editdist_15":5,"editdist_16":3,"editdist_17":2,"nb_tolonger":8197,"nb_toshorter":18700,"avg_interarrival":1042},{"nb_A":31933,"nb_W":0,"nb_implicit_W":25647,"nb_dup_A":4952,"nb_dup_W":0,"nb_A_prefix":2493,"nb_W_prefix":0,"max_A_prefix":7743,"avg_A_prefix":13,"max_A_AS":7743,"avg_A_AS":49,"nb_orign_change":60,"nb_new_A":1334,"nb_new_A_afterW":0,"max_path_len":25,"avg_path_len":7,"max_editdist":14,"avg_editdist":2,"editdist_7":85,"editdist_8":303,"editdist_9":36,"editdist_10":496,"editdist_11":16,"editdist_12":91,"editdist_13":12,"editdist_14":2,"editdist_15":0,"editdist_16":0,"editdist_17":0,"nb_tolonger":7936,"nb_toshorter":17711,"avg_interarrival":1043},{"nb_A":69879,"nb_W":0,"nb_implicit_W":42061,"nb_dup_A":17134,"nb_dup_W":0,"nb_A_prefix":11790,"nb_W_prefix":0,"max_A_prefix":7886,"avg_A_prefix":6,"max_A_AS":24268,"avg_A_AS":58,"nb_orign_change":62,"nb_new_A":10684,"nb_new_A_afterW":0,"max_path_len":25,"avg_path_len":7,"max_editdist":23,"avg_editdist":2,"editdist_7":98,"editdist_8":550,"editdist_9":48,"editdist_10":506,"editdist_11":12,"editdist_12":78,"editdist_13":4,"editdist_14":3,"editdist_15":2,"editdist_16":4,"editdist_17":0,"nb_tolonger":16216,"nb_toshorter":25845,"avg_interarrival":1037},{"nb_A":33221,"nb_W":0,"nb_implicit_W":26119,"nb_dup_A":5759,"nb_dup_W":0,"nb_A_prefix":2734,"nb_W_prefix":0,"max_A_prefix":7792,"avg_A_prefix":12,"max_A_AS":7792,"avg_A_AS":54,"nb_orign_change":66,"nb_new_A":1343,"nb_new_A_afterW":0,"max_path_len":31,"avg_path_len":6,"max_editdist":29,"avg_editdist":2,"editdist_7":286,"editdist_8":242,"editdist_9":47,"editdist_10":534,"editdist_11":10,"editdist_12":49,"editdist_13":4,"editdist_14":11,"editdist_15":16,"editdist_16":0,"editdist_17":0,"nb_tolonger":9142,"nb_toshorter":16977,"avg_interarrival":1037},{"nb_A":41093,"nb_W":0,"nb_implicit_W":30093,"nb_dup_A":7380,"nb_dup_W":0,"nb_A_prefix":4772,"nb_W_prefix":0,"max_A_prefix":7901,"avg_A_prefix":9,"max_A_AS":7901,"avg_A_AS":41,"nb_orign_change":86,"nb_new_A":3620,"nb_new_A_afterW":0,"max_path_len":31,"avg_path_len":6,"max_editdist":29,"avg_editdist":2,"editdist_7":287,"editdist_8":310,"editdist_9":122,"editdist_10":569,"editdist_11":21,"editdist_12":32,"editdist_13":15,"editdist_14":3,"editdist_15":14,"editdist_16":0,"editdist_17":8,"nb_tolonger":10645,"nb_toshorter":19448,"avg_interarrival":1039},{"nb_A":49486,"nb_W":0,"nb_implicit_W":39506,"nb_dup_A":7491,"nb_dup_W":0,"nb_A_prefix":4118,"nb_W_prefix":0,"max_A_prefix":7701,"avg_A_prefix":12,"max_A_AS":7701,"avg_A_AS":53,"nb_orign_change":95,"nb_new_A":2489,"nb_new_A_afterW":0,"max_path_len":31,"avg_path_len":6,"max_editdist":27,"avg_editdist":2,"editdist_7":267,"editdist_8":265,"editdist_9":56,"editdist_10":576,"editdist_11":30,"editdist_12":45,"editdist_13":3,"editdist_14":1,"editdist_15":12,"editdist_16":9,"editdist_17":1,"nb_tolonger":11569,"nb_toshorter":27937,"avg_interarrival":1031},{"nb_A":39405,"nb_W":0,"nb_implicit_W":30782,"nb_dup_A":6380,"nb_dup_W":0,"nb_A_prefix":3906,"nb_W_prefix":0,"max_A_prefix":7928,"avg_A_prefix":10,"max_A_AS":7928,"avg_A_AS":43,"nb_orign_change":66,"nb_new_A":2243,"nb_new_A_afterW":0,"max_path_len":20,"avg_path_len":6,"max_editdist":17,"avg_editdist":2,"editdist_7":216,"editdist_8":261,"editdist_9":29,"editdist_10":821,"editdist_11":572,"editdist_12":39,"editdist_13":17,"editdist_14":7,"editdist_15":0,"editdist_16":2,"editdist_17":4,"nb_tolonger":9807,"nb_toshorter":20975,"avg_interarrival":1040},{"nb_A":36404,"nb_W":0,"nb_implicit_W":29650,"nb_dup_A":5528,"nb_dup_W":0,"nb_A_prefix":3123,"nb_W_prefix":0,"max_A_prefix":7558,"avg_A_prefix":12,"max_A_AS":7558,"avg_A_AS":40,"nb_orign_change":52,"nb_new_A":1226,"nb_new_A_afterW":0,"max_path_len":24,"avg_path_len":6,"max_editdist":18,"avg_editdist":2,"editdist_7":169,"editdist_8":276,"editdist_9":27,"editdist_10":507,"editdist_11":52,"editdist_12":53,"editdist_13":8,"editdist_14":15,"editdist_15":16,"editdist_16":1,"editdist_17":2,"nb_tolonger":9433,"nb_toshorter":20217,"avg_interarrival":1039},{"nb_A":34847,"nb_W":0,"nb_implicit_W":26094,"nb_dup_A":4941,"nb_dup_W":0,"nb_A_prefix":5825,"nb_W_prefix":0,"max_A_prefix":5253,"avg_A_prefix":6,"max_A_AS":5253,"avg_A_AS":30,"nb_orign_change":74,"nb_new_A":3812,"nb_new_A_afterW":0,"max_path_len":26,"avg_path_len":6,"max_editdist":24,"avg_editdist":2,"editdist_7":198,"editdist_8":177,"editdist_9":197,"editdist_10":383,"editdist_11":28,"editdist_12":54,"editdist_13":9,"editdist_14":7,"editdist_15":1,"editdist_16":0,"editdist_17":2,"nb_tolonger":8426,"nb_toshorter":17668,"avg_interarrival":1109},{"nb_A":37639,"nb_W":0,"nb_implicit_W":32686,"nb_dup_A":2414,"nb_dup_W":0,"nb_A_prefix":5048,"nb_W_prefix":0,"max_A_prefix":465,"avg_A_prefix":7,"max_A_AS":2046,"avg_A_AS":41,"nb_orign_change":84,"nb_new_A":2539,"nb_new_A_afterW":0,"max_path_len":30,"avg_path_len":7,"max_editdist":23,"avg_editdist":2,"editdist_7":359,"editdist_8":57,"editdist_9":68,"editdist_10":965,"editdist_11":372,"editdist_12":20,"editdist_13":4,"editdist_14":11,"editdist_15":6,"editdist_16":10,"editdist_17":0,"nb_tolonger":8565,"nb_toshorter":24121,"avg_interarrival":1221},{"nb_A":43435,"nb_W":0,"nb_implicit_W":38400,"nb_dup_A":2671,"nb_dup_W":0,"nb_A_prefix":7511,"nb_W_prefix":0,"max_A_prefix":442,"avg_A_prefix":6,"max_A_AS":4259,"avg_A_AS":40,"nb_orign_change":133,"nb_new_A":2364,"nb_new_A_afterW":0,"max_path_len":31,"avg_path_len":6,"max_editdist":21,"avg_editdist":2,"editdist_7":260,"editdist_8":182,"editdist_9":76,"editdist_10":1010,"editdist_11":319,"editdist_12":52,"editdist_13":103,"editdist_14":4,"editdist_15":1,"editdist_16":2,"editdist_17":6,"nb_tolonger":9467,"nb_toshorter":28933,"avg_interarrival":1216},{"nb_A":28715,"nb_W":0,"nb_implicit_W":25163,"nb_dup_A":2052,"nb_dup_W":0,"nb_A_prefix":3553,"nb_W_prefix":0,"max_A_prefix":478,"avg_A_prefix":8,"max_A_AS":2647,"avg_A_AS":33,"nb_orign_change":130,"nb_new_A":1500,"nb_new_A_afterW":0,"max_path_len":32,"avg_path_len":6,"max_editdist":22,"avg_editdist":2,"editdist_7":177,"editdist_8":108,"editdist_9":142,"editdist_10":28,"editdist_11":5,"editdist_12":21,"editdist_13":2,"editdist_14":2,"editdist_15":3,"editdist_16":3,"editdist_17":4,"nb_tolonger":6745,"nb_toshorter":18418,"avg_interarrival":1228},{"nb_A":32299,"nb_W":0,"nb_implicit_W":28157,"nb_dup_A":2568,"nb_dup_W":0,"nb_A_prefix":4204,"nb_W_prefix":0,"max_A_prefix":450,"avg_A_prefix":8,"max_A_AS":4042,"avg_A_AS":37,"nb_orign_change":97,"nb_new_A":1574,"nb_new_A_afterW":0,"max_path_len":28,"avg_path_len":6,"max_editdist":26,"avg_editdist":2,"editdist_7":129,"editdist_8":118,"editdist_9":33,"editdist_10":13,"editdist_11":24,"editdist_12":19,"editdist_13":11,"editdist_14":35,"editdist_15":5,"editdist_16":2,"editdist_17":10,"nb_tolonger":7525,"nb_toshorter":20632,"avg_interarrival":1247},{"nb_A":75852,"nb_W":0,"nb_implicit_W":61694,"nb_dup_A":3080,"nb_dup_W":0,"nb_A_prefix":13331,"nb_W_prefix":0,"max_A_prefix":442,"avg_A_prefix":6,"max_A_AS":32011,"avg_A_AS":43,"nb_orign_change":9628,"nb_new_A":11078,"nb_new_A_afterW":0,"max_path_len":30,"avg_path_len":5,"max_editdist":18,"avg_editdist":2,"editdist_7":994,"editdist_8":771,"editdist_9":289,"editdist_10":662,"editdist_11":107,"editdist_12":74,"editdist_13":77,"editdist_14":16,"editdist_15":10,"editdist_16":2,"editdist_17":2,"nb_tolonger":16956,"nb_toshorter":44738,"avg_interarrival":1245},{"nb_A":37131,"nb_W":0,"nb_implicit_W":32842,"nb_dup_A":2321,"nb_dup_W":0,"nb_A_prefix":5108,"nb_W_prefix":0,"max_A_prefix":544,"avg_A_prefix":7,"max_A_AS":2228,"avg_A_AS":34,"nb_orign_change":178,"nb_new_A":1968,"nb_new_A_afterW":0,"max_path_len":67,"avg_path_len":6,"max_editdist":65,"avg_editdist":2,"editdist_7":174,"editdist_8":440,"editdist_9":350,"editdist_10":83,"editdist_11":35,"editdist_12":11,"editdist_13":20,"editdist_14":2,"editdist_15":4,"editdist_16":0,"editdist_17":14,"nb_tolonger":8927,"nb_toshorter":23915,"avg_interarrival":1182},{"nb_A":65590,"nb_W":0,"nb_implicit_W":42825,"nb_dup_A":8395,"nb_dup_W":0,"nb_A_prefix":16585,"nb_W_prefix":0,"max_A_prefix":548,"avg_A_prefix":4,"max_A_AS":7603,"avg_A_AS":30,"nb_orign_change":62,"nb_new_A":14370,"nb_new_A_afterW":0,"max_path_len":27,"avg_path_len":4,"max_editdist":19,"avg_editdist":1,"editdist_7":251,"editdist_8":65,"editdist_9":36,"editdist_10":12,"editdist_11":25,"editdist_12":30,"editdist_13":11,"editdist_14":8,"editdist_15":6,"editdist_16":1,"editdist_17":2,"nb_tolonger":15822,"nb_toshorter":27003,"avg_interarrival":1212},{"nb_A":26899,"nb_W":0,"nb_implicit_W":22906,"nb_dup_A":2673,"nb_dup_W":0,"nb_A_prefix":3603,"nb_W_prefix":0,"max_A_prefix":780,"avg_A_prefix":7,"max_A_AS":1872,"avg_A_AS":33,"nb_orign_change":54,"nb_new_A":1320,"nb_new_A_afterW":0,"max_path_len":28,"avg_path_len":6,"max_editdist":19,"avg_editdist":2,"editdist_7":193,"editdist_8":83,"editdist_9":54,"editdist_10":24,"editdist_11":34,"editdist_12":36,"editdist_13":11,"editdist_14":57,"editdist_15":24,"editdist_16":3,"editdist_17":0,"nb_tolonger":5871,"nb_toshorter":17035,"avg_interarrival":1212},{"nb_A":29815,"nb_W":0,"nb_implicit_W":25505,"nb_dup_A":2407,"nb_dup_W":0,"nb_A_prefix":4733,"nb_W_prefix":0,"max_A_prefix":701,"avg_A_prefix":6,"max_A_AS":1577,"avg_A_AS":27,"nb_orign_change":57,"nb_new_A":1903,"nb_new_A_afterW":0,"max_path_len":21,"avg_path_len":6,"max_editdist":19,"avg_editdist":2,"editdist_7":87,"editdist_8":58,"editdist_9":278,"editdist_10":40,"editdist_11":18,"editdist_12":37,"editdist_13":13,"editdist_14":26,"editdist_15":2,"editdist_16":7,"editdist_17":3,"nb_tolonger":6896,"nb_toshorter":18609,"avg_interarrival":1235},{"nb_A":35962,"nb_W":0,"nb_implicit_W":31497,"nb_dup_A":3142,"nb_dup_W":0,"nb_A_prefix":4406,"nb_W_prefix":0,"max_A_prefix":762,"avg_A_prefix":8,"max_A_AS":2031,"avg_A_AS":37,"nb_orign_change":70,"nb_new_A":1323,"nb_new_A_afterW":0,"max_path_len":27,"avg_path_len":7,"max_editdist":19,"avg_editdist":2,"editdist_7":216,"editdist_8":113,"editdist_9":44,"editdist_10":153,"editdist_11":23,"editdist_12":34,"editdist_13":18,"editdist_14":23,"editdist_15":13,"editdist_16":6,"editdist_17":7,"nb_tolonger":8717,"nb_toshorter":22780,"avg_interarrival":1135},{"nb_A":29907,"nb_W":0,"nb_implicit_W":26867,"nb_dup_A":1951,"nb_dup_W":0,"nb_A_prefix":3662,"nb_W_prefix":0,"max_A_prefix":741,"avg_A_prefix":8,"max_A_AS":2359,"avg_A_AS":39,"nb_orign_change":158,"nb_new_A":1089,"nb_new_A_afterW":0,"max_path_len":26,"avg_path_len":6,"max_editdist":24,"avg_editdist":2,"editdist_7":121,"editdist_8":72,"editdist_9":91,"editdist_10":160,"editdist_11":5,"editdist_12":15,"editdist_13":29,"editdist_14":41,"editdist_15":7,"editdist_16":18,"editdist_17":6,"nb_tolonger":6874,"nb_toshorter":19993,"avg_interarrival":1149},{"nb_A":32198,"nb_W":0,"nb_implicit_W":28202,"nb_dup_A":1731,"nb_dup_W":0,"nb_A_prefix":3791,"nb_W_prefix":0,"max_A_prefix":913,"avg_A_prefix":8,"max_A_AS":2090,"avg_A_AS":36,"nb_orign_change":125,"nb_new_A":2265,"nb_new_A_afterW":0,"max_path_len":28,"avg_path_len":6,"max_editdist":19,"avg_editdist":2,"editdist_7":202,"editdist_8":104,"editdist_9":36,"editdist_10":26,"editdist_11":5,"editdist_12":12,"editdist_13":33,"editdist_14":55,"editdist_15":30,"editdist_16":8,"editdist_17":2,"nb_tolonger":6378,"nb_toshorter":21824,"avg_interarrival":1202},{"nb_A":36013,"nb_W":0,"nb_implicit_W":31759,"nb_dup_A":2307,"nb_dup_W":0,"nb_A_prefix":4068,"nb_W_prefix":0,"max_A_prefix":935,"avg_A_prefix":9,"max_A_AS":2338,"avg_A_AS":40,"nb_orign_change":75,"nb_new_A":1947,"nb_new_A_afterW":0,"max_path_len":30,"avg_path_len":6,"max_editdist":29,"avg_editdist":2,"editdist_7":193,"editdist_8":73,"editdist_9":33,"editdist_10":19,"editdist_11":8,"editdist_12":7,"editdist_13":4,"editdist_14":6,"editdist_15":4,"editdist_16":1,"editdist_17":0,"nb_tolonger":8192,"nb_toshorter":23567,"avg_interarrival":1149},{"nb_A":31760,"nb_W":0,"nb_implicit_W":28267,"nb_dup_A":2273,"nb_dup_W":0,"nb_A_prefix":3724,"nb_W_prefix":0,"max_A_prefix":854,"avg_A_prefix":9,"max_A_AS":2570,"avg_A_AS":40,"nb_orign_change":59,"nb_new_A":1220,"nb_new_A_afterW":0,"max_path_len":27,"avg_path_len":6,"max_editdist":24,"avg_editdist":2,"editdist_7":100,"editdist_8":21,"editdist_9":97,"editdist_10":233,"editdist_11":20,"editdist_12":30,"editdist_13":6,"editdist_14":7,"editdist_15":2,"editdist_16":0,"editdist_17":0,"nb_tolonger":7700,"nb_toshorter":20567,"avg_interarrival":1198}]