[{"nb_A":39516,"nb_W":0,"nb_implicit_W":3191,"nb_dup_A":12966,"nb_dup_W":0,"nb_A_prefix":21613,"nb_W_prefix":0,"max_A_prefix":491,"avg_A_prefix":2,"max_A_AS":11499,"avg_A_AS":18,"nb_orign_change":12,"nb_new_A":23359,"nb_new_A_afterW":0,"max_path_len":31,"avg_path_len":4,"max_editdist":12,"avg_editdist":2,"editdist_7":160,"editdist_8":51,"editdist_9":2,"editdist_10":8,"editdist_11":2,"editdist_12":2,"editdist_13":0,"editdist_14":0,"editdist_15":0,"editdist_16":0,"editdist_17":0,"nb_tolonger":943,"nb_toshorter":2248,"avg_interarrival":2634},{"nb_A":12404,"nb_W":0,"nb_implicit_W":5818,"nb_dup_A":5603,"nb_dup_W":0,"nb_A_prefix":419,"nb_W_prefix":0,"max_A_prefix":417,"avg_A_prefix":30,"max_A_AS":6081,"avg_A_AS":207,"nb_orign_change":10,"nb_new_A":983,"nb_new_A_afterW":0,"max_path_len":18,"avg_path_len":7,"max_editdist":12,"avg_editdist":3,"editdist_7":815,"editdist_8":293,"editdist_9":22,"editdist_10":12,"editdist_11":3,"editdist_12":9,"editdist_13":0,"editdist_14":0,"editdist_15":0,"editdist_16":0,"editdist_17":0,"nb_tolonger":2116,"nb_toshorter":3702,"avg_interarrival":2777},{"nb_A":13396,"nb_W":0,"nb_implicit_W":5211,"nb_dup_A":6674,"nb_dup_W":0,"nb_A_prefix":3613,"nb_W_prefix":0,"max_A_prefix":463,"avg_A_prefix":4,"max_A_AS":2531,"avg_A_AS":21,"nb_orign_change":19,"nb_new_A":1511,"nb_new_A_afterW":0,"max_path_len":22,"avg_path_len":6,"max_editdist":12,"avg_editdist":2,"editdist_7":242,"editdist_8":133,"editdist_9":44,"editdist_10":13,"editdist_11":0,"editdist_12":3,"editdist_13":0,"editdist_14":0,"editdist_15":0,"editdist_16":0,"editdist_17":0,"nb_tolonger":1393,"nb_toshorter":3818,"avg_interarrival":2344},{"nb_A":5835,"nb_W":0,"nb_implicit_W":2768,"nb_dup_A":2148,"nb_dup_W":0,"nb_A_prefix":438,"nb_W_prefix":0,"max_A_prefix":390,"avg_A_prefix":13,"max_A_AS":760,"avg_A_AS":68,"nb_orign_change":4,"nb_new_A":919,"nb_new_A_afterW":0,"max_path_len":29,"avg_path_len":8,"max_editdist":12,"avg_editdist":2,"editdist_7":92,"editdist_8":80,"editdist_9":28,"editdist_10":5,"editdist_11":1,"editdist_12":1,"editdist_13":0,"editdist_14":0,"editdist_15":0,"editdist_16":0,"editdist_17":0,"nb_tolonger":802,"nb_toshorter":1966,"avg_interarrival":2479},{"nb_A":15033,"nb_W":0,"nb_implicit_W":4899,"nb_dup_A":7526,"nb_dup_W":0,"nb_A_prefix":3678,"nb_W_prefix":0,"max_A_prefix":299,"avg_A_prefix":4,"max_A_AS":1553,"avg_A_AS":24,"nb_orign_change":2,"nb_new_A":2608,"nb_new_A_afterW":0,"max_path_len":30,"avg_path_len":7,"max_editdist":17,"avg_editdist":2,"editdist_7":218,"editdist_8":137,"editdist_9":44,"editdist_10":26,"editdist_11":18,"editdist_12":6,"editdist_13":0,"editdist_14":0,"editdist_15":47,"editdist_16":11,"editdist_17":6,"nb_tolonger":1360,"nb_toshorter":3539,"avg_interarrival":2054},{"nb_A":23190,"nb_W":0,"nb_implicit_W":12761,"nb_dup_A":6772,"nb_dup_W":0,"nb_A_prefix":1009,"nb_W_prefix":0,"max_A_prefix":1341,"avg_A_prefix":23,"max_A_AS":5286,"avg_A_AS":132,"nb_orign_change":0,"nb_new_A":3657,"nb_new_A_afterW":0,"max_path_len":18,"avg_path_len":6,"max_editdist":15,"avg_editdist":2,"editdist_7":257,"editdist_8":362,"editdist_9":76,"editdist_10":44,"editdist_11":48,"editdist_12":14,"editdist_13":0,"editdist_14":0,"editdist_15":1,"editdist_16":0,"editdist_17":0,"nb_tolonger":3855,"nb_toshorter":8906,"avg_interarrival":1666},{"nb_A":16721,"nb_W":0,"nb_implicit_W":6777,"nb_dup_A":6790,"nb_dup_W":0,"nb_A_prefix":3724,"nb_W_prefix":0,"max_A_prefix":677,"avg_A_prefix":4,"max_A_AS":1582,"avg_A_AS":26,"nb_orign_change":0,"nb_new_A":3154,"nb_new_A_afterW":0,"max_path_len":22,"avg_path_len":6,"max_editdist":12,"avg_editdist":2,"editdist_7":102,"editdist_8":146,"editdist_9":48,"editdist_10":29,"editdist_11":8,"editdist_12":2,"editdist_13":0,"editdist_14":0,"editdist_15":0,"editdist_16":0,"editdist_17":0,"nb_tolonger":1913,"nb_toshorter":4864,"avg_interarrival":1571},{"nb_A":18532,"nb_W":0,"nb_implicit_W":10781,"nb_dup_A":4423,"nb_dup_W":0,"nb_A_prefix":865,"nb_W_prefix":0,"max_A_prefix":502,"avg_A_prefix":21,"max_A_AS":3949,"avg_A_AS":92,"nb_orign_change":72,"nb_new_A":3328,"nb_new_A_afterW":0,"max_path_len":29,"avg_path_len":7,"max_editdist":26,"avg_editdist":2,"editdist_7":422,"editdist_8":395,"editdist_9":140,"editdist_10":74,"editdist_11":22,"editdist_12":6,"editdist_13":0,"editdist_14":0,"editdist_15":0,"editdist_16":0,"editdist_17":0,"nb_tolonger":3362,"nb_toshorter":7419,"avg_interarrival":1711},{"nb_A":21202,"nb_W":0,"nb_implicit_W":11381,"nb_dup_A":6848,"nb_dup_W":0,"nb_A_prefix":1024,"nb_W_prefix":0,"max_A_prefix":272,"avg_A_prefix":21,"max_A_AS":5903,"avg_A_AS":87,"nb_orign_change":2,"nb_new_A":2973,"nb_new_A_afterW":0,"max_path_len":23,"avg_path_len":7,"max_editdist":11,"avg_editdist":2,"editdist_7":286,"editdist_8":166,"editdist_9":59,"editdist_10":18,"editdist_11":1,"editdist_12":0,"editdist_13":0,"editdist_14":0,"editdist_15":0,"editdist_16":0,"editdist_17":0,"nb_tolonger":3788,"nb_toshorter":7593,"avg_interarrival":1666},{"nb_A":53405,"nb_W":0,"nb_implicit_W":31672,"nb_dup_A":14381,"nb_dup_W":0,"nb_A_prefix":1054,"nb_W_prefix":0,"max_A_prefix":1335,"avg_A_prefix":51,"max_A_AS":14438,"avg_A_AS":239,"nb_orign_change":39,"nb_new_A":7352,"nb_new_A_afterW":0,"max_path_len":30,"avg_path_len":7,"max_editdist":14,"avg_editdist":2,"editdist_7":530,"editdist_8":515,"editdist_9":172,"editdist_10":43,"editdist_11":0,"editdist_12":0,"editdist_13":0,"editdist_14":1,"editdist_15":0,"editdist_16":0,"editdist_17":0,"nb_tolonger":9924,"nb_toshorter":21748,"avg_interarrival":1223},{"nb_A":70375,"nb_W":0,"nb_implicit_W":47057,"nb_dup_A":14997,"nb_dup_W":0,"nb_A_prefix":1630,"nb_W_prefix":0,"max_A_prefix":673,"avg_A_prefix":43,"max_A_AS":29540,"avg_A_AS":232,"nb_orign_change":62,"nb_new_A":8321,"nb_new_A_afterW":0,"max_path_len":23,"avg_path_len":7,"max_editdist":15,"avg_editdist":2,"editdist_7":927,"editdist_8":676,"editdist_9":194,"editdist_10":42,"editdist_11":6,"editdist_12":30,"editdist_13":12,"editdist_14":20,"editdist_15":12,"editdist_16":0,"editdist_17":0,"nb_tolonger":11781,"nb_toshorter":35276,"avg_interarrival":1301},{"nb_A":49634,"nb_W":0,"nb_implicit_W":25472,"nb_dup_A":7161,"nb_dup_W":0,"nb_A_prefix":15464,"nb_W_prefix":0,"max_A_prefix":696,"avg_A_prefix":3,"max_A_AS":4600,"avg_A_AS":37,"nb_orign_change":10,"nb_new_A":17001,"nb_new_A_afterW":0,"max_path_len":32,"avg_path_len":6,"max_editdist":19,"avg_editdist":2,"editdist_7":273,"editdist_8":451,"editdist_9":153,"editdist_10":37,"editdist_11":4,"editdist_12":3,"editdist_13":0,"editdist_14":0,"editdist_15":0,"editdist_16":0,"editdist_17":0,"nb_tolonger":3741,"nb_toshorter":21731,"avg_interarrival":1429},{"nb_A":21763,"nb_W":0,"nb_implicit_W":10166,"nb_dup_A":7965,"nb_dup_W":0,"nb_A_prefix":3781,"nb_W_prefix":0,"max_A_prefix":528,"avg_A_prefix":6,"max_A_AS":2327,"avg_A_AS":32,"nb_orign_change":262,"nb_new_A":3632,"nb_new_A_afterW":0,"max_path_len":26,"avg_path_len":6,"max_editdist":21,"avg_editdist":2,"editdist_7":339,"editdist_8":269,"editdist_9":68,"editdist_10":28,"editdist_11":33,"editdist_12":10,"editdist_13":0,"editdist_14":2,"editdist_15":1,"editdist_16":0,"editdist_17":0,"nb_tolonger":2974,"nb_toshorter":7192,"avg_interarrival":1676},{"nb_A":816522,"nb_W":0,"nb_implicit_W":220385,"nb_dup_A":280315,"nb_dup_W":0,"nb_A_prefix":50306,"nb_W_prefix":0,"max_A_prefix":542,"avg_A_prefix":16,"max_A_AS":657318,"avg_A_AS":443,"nb_orign_change":6790,"nb_new_A":315822,"nb_new_A_afterW":0,"max_path_len":39,"avg_path_len":6,"max_editdist":36,"avg_editdist":1,"editdist_7":898,"editdist_8":925,"editdist_9":224,"editdist_10":76,"editdist_11":109,"editdist_12":133,"editdist_13":56,"editdist_14":66,"editdist_15":47,"editdist_16":11,"editdist_17":8,"nb_tolonger":69100,"nb_toshorter":151285,"avg_interarrival":1387},{"nb_A":113560,"nb_W":0,"nb_implicit_W":44403,"nb_dup_A":60197,"nb_dup_W":0,"nb_A_prefix":26477,"nb_W_prefix":0,"max_A_prefix":868,"avg_A_prefix":4,"max_A_AS":44124,"avg_A_AS":74,"nb_orign_change":1579,"nb_new_A":8960,"nb_new_A_afterW":0,"max_path_len":39,"avg_path_len":5,"max_editdist":30,"avg_editdist":2,"editdist_7":588,"editdist_8":556,"editdist_9":491,"editdist_10":196,"editdist_11":117,"editdist_12":112,"editdist_13":39,"editdist_14":12,"editdist_15":0,"editdist_16":0,"editdist_17":0,"nb_tolonger":15344,"nb_toshorter":29059,"avg_interarrival":1239},{"nb_A":25402,"nb_W":0,"nb_implicit_W":10209,"nb_dup_A":5617,"nb_dup_W":0,"nb_A_prefix":10727,"nb_W_prefix":0,"max_A_prefix":295,"avg_A_prefix":2,"max_A_AS":2620,"avg_A_AS":17,"nb_orign_change":26,"nb_new_A":9576,"nb_new_A_afterW":0,"max_path_len":33,"avg_path_len":6,"max_editdist":10,"avg_editdist":1,"editdist_7":175,"editdist_8":129,"editdist_9":20,"editdist_10":4,"editdist_11":0,"editdist_12":0,"editdist_13":0,"editdist_14":0,"editdist_15":0,"editdist_16":0,"editdist_17":0,"nb_tolonger":1653,"nb_toshorter":8556,"avg_interarrival":2314},{"nb_A":21043,"nb_W":0,"nb_implicit_W":10995,"nb_dup_A":6285,"nb_dup_W":0,"nb_A_prefix":2275,"nb_W_prefix":0,"max_A_prefix":380,"avg_A_prefix":9,"max_A_AS":4779,"avg_A_AS":42,"nb_orign_change":2,"nb_new_A":3763,"nb_new_A_afterW":0,"max_path_len":26,"avg_path_len":7,"max_editdist":19,"avg_editdist":2,"editdist_7":302,"editdist_8":133,"editdist_9":81,"editdist_10":33,"editdist_11":4,"editdist_12":0,"editdist_13":0,"editdist_14":0,"editdist_15":0,"editdist_16":0,"editdist_17":1,"nb_tolonger":3516,"nb_toshorter":7479,"avg_interarrival":1548},{"nb_A":19131,"nb_W":0,"nb_implicit_W":7934,"nb_dup_A":7727,"nb_dup_W":0,"nb_A_prefix":1276,"nb_W_prefix":0,"max_A_prefix":1014,"avg_A_prefix":15,"max_A_AS":8146,"avg_A_AS":69,"nb_orign_change":1,"nb_new_A":3470,"nb_new_A_afterW":0,"max_path_len":29,"avg_path_len":5,"max_editdist":18,"avg_editdist":2,"editdist_7":66,"editdist_8":146,"editdist_9":67,"editdist_10":18,"editdist_11":11,"editdist_12":3,"editdist_13":0,"editdist_14":0,"editdist_15":2,"editdist_16":1,"editdist_17":1,"nb_tolonger":2376,"nb_toshorter":5558,"avg_interarrival":2016},{"nb_A":21049,"nb_W":0,"nb_implicit_W":12261,"nb_dup_A":6247,"nb_dup_W":0,"nb_A_prefix":1789,"nb_W_prefix":0,"max_A_prefix":1093,"avg_A_prefix":12,"max_A_AS":3562,"avg_A_AS":175,"nb_orign_change":1,"nb_new_A":2541,"nb_new_A_afterW":0,"max_path_len":23,"avg_path_len":6,"max_editdist":20,"avg_editdist":2,"editdist_7":174,"editdist_8":284,"editdist_9":80,"editdist_10":43,"editdist_11":24,"editdist_12":117,"editdist_13":29,"editdist_14":5,"editdist_15":4,"editdist_16":0,"editdist_17":0,"nb_tolonger":3725,"nb_toshorter":8536,"avg_interarrival":2038},{"nb_A":26408,"nb_W":0,"nb_implicit_W":16318,"nb_dup_A":7043,"nb_dup_W":0,"nb_A_prefix":826,"nb_W_prefix":0,"max_A_prefix":922,"avg_A_prefix":32,"max_A_AS":5602,"avg_A_AS":275,"nb_orign_change":24,"nb_new_A":3047,"nb_new_A_afterW":0,"max_path_len":23,"avg_path_len":7,"max_editdist":14,"avg_editdist":2,"editdist_7":175,"editdist_8":469,"editdist_9":163,"editdist_10":18,"editdist_11":1,"editdist_12":2,"editdist_13":0,"editdist_14":3,"editdist_15":0,"editdist_16":0,"editdist_17":0,"nb_tolonger":4703,"nb_toshorter":11615,"avg_interarrival":1870},{"nb_A":42753,"nb_W":0,"nb_implicit_W":21453,"nb_dup_A":12658,"nb_dup_W":0,"nb_A_prefix":4118,"nb_W_prefix":0,"max_A_prefix":1049,"avg_A_prefix":10,"max_A_AS":7551,"avg_A_AS":62,"nb_orign_change":81,"nb_new_A":8642,"nb_new_A_afterW":0,"max_path_len":38,"avg_path_len":7,"max_editdist":29,"avg_editdist":2,"editdist_7":450,"editdist_8":560,"editdist_9":70,"editdist_10":109,"editdist_11":20,"editdist_12":6,"editdist_13":0,"editdist_14":0,"editdist_15":0,"editdist_16":0,"editdist_17":0,"nb_tolonger":6186,"nb_toshorter":15267,"avg_interarrival":2067},{"nb_A":61396,"nb_W":0,"nb_implicit_W":36762,"nb_dup_A":16624,"nb_dup_W":0,"nb_A_prefix":2696,"nb_W_prefix":0,"max_A_prefix":456,"avg_A_prefix":23,"max_A_AS":16244,"avg_A_AS":115,"nb_orign_change":180,"nb_new_A":8010,"nb_new_A_afterW":0,"max_path_len":39,"avg_path_len":7,"max_editdist":36,"avg_editdist":2,"editdist_7":1431,"editdist_8":2425,"editdist_9":431,"editdist_10":95,"editdist_11":2,"editdist_12":4,"editdist_13":5,"editdist_14":1,"editdist_15":1,"editdist_16":0,"editdist_17":0,"nb_tolonger":12303,"nb_toshorter":24459,"avg_interarrival":1769},{"nb_A":24482,"nb_W":0,"nb_implicit_W":8115,"nb_dup_A":10220,"nb_dup_W":0,"nb_A_prefix":7305,"nb_W_prefix":0,"max_A_prefix":536,"avg_A_prefix":3,"max_A_AS":3157,"avg_A_AS":26,"nb_orign_change":38,"nb_new_A":6147,"nb_new_A_afterW":0,"max_path_len":30,"avg_path_len":6,"max_editdist":36,"avg_editdist":2,"editdist_7":383,"editdist_8":466,"editdist_9":148,"editdist_10":28,"editdist_11":0,"editdist_12":4,"editdist_13":1,"editdist_14":0,"editdist_15":0,"editdist_16":0,"editdist_17":0,"nb_tolonger":2566,"nb_toshorter":5549,"avg_interarrival":1887}]